date, pm25, o3, no2, so2, co
2025/11/1, 111, 6, 9, 1, 1
2025/11/2, 83, 6, 9, 2, 1
2025/11/3, 103, 5, 9, 1, 1
2025/11/4, 87, 5, 9, 1, 1
2025/11/5, 95, 6, 9, 2, 1
2025/11/6, 121, 5, 9, 2, 1
2025/11/7, 128, 5, 9, 2, 1
2025/11/8, 120, 6, 9, 2, 2
2025/11/9, 142, 5, 9, 2, 2
2025/11/10, 151, 5, 9, 2, 2
2025/11/11, 150, 5, 9, 2, 2
2025/11/12, 139, 5, 9, 1, 2
2025/11/13, 135, 6, 9, 1, 2
2025/11/14, 134, 6, 9, 1, 2
2025/11/15, 141, 5, 9, 2, 2
2025/11/16, 143, 6, 9, 1, 2
2025/11/17, 153, 5, 9, 1, 1
2025/11/18, 161, , , , 
2025/10/1, 58, 5, 9, 1, 
2025/10/2, 60, 6, 9, 1, 
2025/10/3, 62, 5, 9, 1, 
2025/10/4, 62, 5, 9, , 1
2025/10/5, 71, 5, 9, , 1
2025/10/6, 69, 6, 9, , 1
2025/10/7, 78, 5, 9, 1, 3
2025/10/8, 116, 5, 9, 2, 2
2025/10/9, 128, 6, 9, 2, 1
2025/10/10, 145, 5, 9, 3, 
2025/10/11, 142, 6, 9, 2, 2
2025/10/12, 158, 5, 9, 2, 1
2025/10/13, 148, 5, 9, 2, 1
2025/10/14, 76, 5, 9, 2, 1
2025/10/15, 75, 5, 9, 2, 1
2025/10/16, 90, 5, 9, 1, 1
2025/10/17, 128, 6, 9, 1, 1
2025/10/18, 149, 6, 9, 2, 2
2025/10/19, 162, 6, 9, 2, 
2025/10/20, 161, 5, 9, 1, 1
2025/10/21, 126, 5, 9, 1, 1
2025/10/22, 80, 5, 9, 1, 1
2025/10/23, 68, 5, 9, 1, 1
2025/10/24, 67, 5, 9, 2, 2
2025/10/25, 88, 6, 9, 2, 2
2025/10/26, 73, 6, 9, 1, 2
2025/10/27, 102, 6, 9, 1, 1
2025/10/28, 73, 5, 9, 1, 2
2025/10/29, 84, 5, 9, 1, 1
2025/10/30, 94, 5, 9, 1, 1
2025/10/31, 97, 5, 9, 1, 1
2025/7/1, 52, 5, 9, 1, 22
2025/7/2, 65, 5, 9, 1, 7
2025/7/3, 48, 6, 9, 1, 5
2025/7/4, 50, 5, 9, 1, 10
2025/7/5, 60, 6, 9, 1, 8
2025/7/6, 57, 5, 9, 2, 7
2025/7/7, 65, 5, 9, 1, 9
2025/7/8, 66, 5, 9, 2, 3
2025/7/9, 66, 5, 9, 1, 4
2025/7/10, 79, 6, 9, 1, 7
2025/7/11, 73, 5, 9, 1, 4
2025/7/12, 66, 5, 9, 1, 7
2025/7/13, 65, 5, 9, 1, 5
2025/7/14, 59, 5, 9, 1, 6
2025/7/15, 45, 5, 9, 1, 8
2025/7/16, 55, 5, 9, 1, 10
2025/7/17, 77, 5, 9, 22, 8
2025/7/18, 67, 6, 9, 2, 9
2025/7/19, 78, 5, 9, 1, 8
2025/7/20, 80, 5, 9, 1, 9
2025/7/21, 68, 6, 9, 1, 8
2025/7/22, 39, 5, 9, 1, 6
2025/7/23, 41, 5, 9, , 4
2025/7/24, 45, 6, 9, 1, 3
2025/7/25, 66, 5, 9, 1, 1
2025/7/26, 37, 5, 9, , 
2025/7/27, 40, 5, 9, 1, 
2025/7/28, 50, 6, 9, , 8
2025/7/29, 51, 5, 9, 1, 3
2025/7/30, 50, 5, 9, 1, 1
2025/7/31, 59, 6, 9, 1, 1
2025/8/1, 61, 5, 9, 1, 
2025/8/2, 70, 5, 9, 1, 1
2025/8/3, 85, 6, 9, 2, 1
2025/8/4, 82, 5, 9, 2, 3
2025/8/5, 121, 6, 9, 1, 1
2025/8/6, 101, 5, 9, 1, 5
2025/8/7, 133, 5, 9, 1, 1
2025/8/8, 61, 5, 9, 1, 1
2025/8/9, 67, 5, 9, 1, 
2025/8/10, 58, 5, 9, 1, 
2025/8/11, 51, 5, 9, 2, 
2025/8/12, 47, 6, 9, 1, 1
2025/8/13, 52, 5, 9, 2, 1
2025/8/14, 43, 5, 9, 1, 
2025/8/15, 43, 5, 9, 3, 
2025/8/16, 53, 5, 9, 3, 1
2025/8/17, 58, 5, 9, 1, 
2025/8/18, 52, 5, 9, 1, 1
2025/8/19, 44, 5, 9, 1, 
2025/8/20, 53, 5, 9, 44, 
2025/8/21, 53, 5, 9, 1, 
2025/8/22, 68, 6, 9, 1, 
2025/8/23, 65, 5, 9, 1, 4
2025/8/24, 64, 5, 9, 2, 2
2025/8/25, 58, 5, 9, 2, 2
2025/8/26, 63, 6, 9, 2, 
2025/8/27, 46, 6, 10, 1, 1
2025/8/28, 53, 5, 9, 2, 
2025/8/29, 61, 6, 9, 22, 
2025/8/30, 58, 5, 9, 1, 1
2025/8/31, 63, 6, 9, 2, 1
2025/9/1, 67, 5, 9, 1, 
2025/9/2, 60, 6, 9, 1, 1
2025/9/3, 79, 5, 9, 1, 
2025/9/4, 74, 6, 9, 1, 
2025/9/5, 66, 5, 9, 1, 
2025/9/6, 68, 6, 9, 1, 
2025/9/7, 73, 6, 9, 1, 
2025/9/8, 69, 6, 9, , 1
2025/9/9, 88, 6, 9, 1, 1
2025/9/10, 71, 6, 9, 1, 1
2025/9/11, 77, 5, 9, 1, 1
2025/9/12, 116, 5, 9, , 1
2025/9/13, 88, 5, 9, , 1
2025/9/14, 81, 5, 9, 1, 1
2025/9/15, 63, 5, 9, , 1
2025/9/16, 71, 6, 9, , 1
2025/9/17, 83, 5, 9, , 2
2025/9/18, 84, 5, 9, , 2
2025/9/19, 72, 5, 9, 1, 1
2025/9/20, 75, 6, 9, 1, 1
2025/9/21, 76, 5, 9, , 1
2025/9/22, 69, 5, 9, 1, 
2025/9/23, 67, 5, 9, 1, 
2025/9/24, 78, 5, 9, 2, 1
2025/9/25, 72, 5, 9, 1, 1
2025/9/26, 82, 5, 9, 1, 1
2025/9/27, 65, 5, 9, 1, 1
2025/9/28, 66, 6, 9, 1, 1
2025/9/29, 80, 6, 9, 1, 
2025/9/30, 61, 6, 9, 1, 1
2025/4/1, 86, 5, 8, 1, 3
2025/4/2, 58, 5, 9, 1, 3
2025/4/3, 70, 5, 8, 1, 5
2025/4/4, 61, 5, 8, 1, 4
2025/4/5, 79, 5, 9, 1, 6
2025/4/6, 81, 5, 9, 1, 5
2025/4/7, 98, 6, 9, , 4
2025/4/8, 65, 6, 9, 2, 2
2025/4/9, 71, 5, 9, 1, 3
2025/4/10, 63, 6, 9, 2, 4
2025/4/11, 80, 5, 9, 3, 4
2025/4/12, 111, 5, 9, 4, 7
2025/4/13, 561, 6, 9, 1, 5
2025/4/14, 471, 6, 9, 2, 5
2025/4/15, 75, 4, 9, 1, 6
2025/4/16, 84, 6, 9, 2, 4
2025/4/17, 74, 5, 9, 1, 6
2025/4/18, 88, 5, 9, 1, 5
2025/4/19, 81, 6, 9, 1, 7
2025/4/20, 103, 5, 9, 1, 5
2025/4/21, 85, 5, 9, 1, 5
2025/4/22, 97, 5, 9, 1, 3
2025/4/23, 92, 6, 9, 1, 5
2025/4/24, 84, 5, 9, 1, 2
2025/4/25, 83, 5, 9, 1, 5
2025/4/26, 85, 4, 9, 1, 6
2025/4/27, 66, 5, 9, 1, 7
2025/4/28, 73, 5, 9, 1, 3
2025/4/29, 59, 5, 9, 2, 5
2025/4/30, 73, 6, 9, 1, 3
2025/5/1, 66, 6, 9, 1, 3
2025/5/2, 68, 5, 9, 1, 4
2025/5/3, 63, 5, 9, 1, 3
2025/5/4, 77, 5, 9, 2, 9
2025/5/5, 71, 5, 9, 1, 6
2025/5/6, 63, 5, 9, 2, 5
2025/5/7, 60, 5, 9, 2, 7
2025/5/8, 63, 5, 9, 1, 7
2025/5/9, 68, 5, 9, 1, 5
2025/5/10, 71, 5, 9, , 5
2025/5/11, 77, 5, 9, 1, 6
2025/5/12, 80, 5, 9, 1, 7
2025/5/13, 81, 5, 9, 1, 8
2025/5/14, 69, 5, 9, 1, 8
2025/5/15, 59, 5, 9, 1, 6
2025/5/16, 69, 5, 9, 1, 9
2025/5/17, 68, 5, 9, 1, 7
2025/5/18, 98, 5, 9, 1, 8
2025/5/19, 67, 6, 9, 1, 8
2025/5/20, 86, 5, 9, 5, 8
2025/5/21, 42, 6, 9, 6, 7
2025/5/22, 53, 5, 9, , 8
2025/5/23, 60, 5, 9, 1, 9
2025/5/24, 30, 5, 9, 1, 9
2025/5/25, 39, 6, 9, 1, 7
2025/5/26, 40, 5, 9, 1, 8
2025/5/27, 60, 5, 9, 1, 5
2025/5/28, 43, 5, 9, , 7
2025/5/29, 114, 5, 9, 1, 6
2025/5/30, 89, 5, 9, 2, 6
2025/5/31, 91, 5, 9, 1, 4
2025/6/1, 80, 5, 9, 1, 7
2025/6/2, 43, 5, 9, 1, 5
2025/6/3, 109, 5, 9, 1, 4
2025/6/4, 86, 6, 9, 1, 5
2025/6/5, 68, 5, 9, , 4
2025/6/6, 64, 5, 9, 1, 7
2025/6/7, 70, 5, 9, 1, 4
2025/6/8, 55, 5, 9, 6, 6
2025/6/9, 55, 5, 9, 1, 3
2025/6/10, 84, 5, 9, 1, 5
2025/6/11, 67, 5, 9, 1, 5
2025/6/12, 110, 5, 9, 1, 7
2025/6/13, 147, 5, 9, 1, 6
2025/6/14, 50, 5, 9, 1, 2
2025/6/15, 507, 5, 9, 2, 4
2025/6/16, 270, 6, 9, 1, 6
2025/6/17, 64, 5, 9, 2, 4
2025/6/18, 55, 5, 9, 1, 3
2025/6/19, 54, 6, 9, 1, 4
2025/6/20, 57, 5, 9, 1, 3
2025/6/21, 57, 5, 9, 1, 2
2025/6/22, 57, 5, 9, 1, 3
2025/6/23, 57, 6, 9, 2, 4
2025/6/24, 56, 5, 9, 1, 3
2025/6/25, 66, 6, 9, 2, 7
2025/6/26, 66, 5, 9, 2, 5
2025/6/27, 65, 5, 9, 1, 5
2025/6/28, 68, 6, 9, 1, 5
2025/6/29, 64, 5, 9, 1, 8
2025/6/30, 63, 5, 9, 1, 4
2025/1/1, 151, 5, 9, 3, 9
2025/1/2, 128, 5, 9, 3, 8
2025/1/3, 116, 5, 9, 2, 8
2025/1/4, 116, 5, 9, 3, 9
2025/1/5, 125, 5, 9, 3, 9
2025/1/6, 133, 5, 9, 3, 12
2025/1/7, 143, 5, 9, 3, 10
2025/1/8, 142, 5, 9, 3, 6
2025/1/9, 134, 5, 9, 2, 10
2025/1/10, 159, 5, 9, 3, 4
2025/1/11, 122, 5, 9, 2, 8
2025/1/12, 123, 4, 8, 2, 16
2025/1/13, 131, 5, 8, 2, 13
2025/1/14, 125, 4, 8, 2, 7
2025/1/15, 91, 5, 8, 2, 9
2025/1/16, 119, 4, 8, 2, 10
2025/1/17, 150, 4, 8, 2, 12
2025/1/18, 157, 8, 8, 2, 14
2025/1/19, 157, 5, 9, 3, 14
2025/1/20, 129, 5, 9, 2, 10
2025/1/21, 123, 5, 8, 2, 11
2025/1/22, 128, 5, 8, 2, 11
2025/1/23, 122, 5, 9, 2, 10
2025/1/24, 102, 5, 8, 2, 13
2025/1/25, 84, 5, 9, 2, 15
2025/1/26, 110, 5, 8, 2, 13
2025/1/27, 114, 5, 9, 2, 14
2025/1/28, 111, 5, 9, 3, 15
2025/1/29, 102, 5, 8, 2, 16
2025/1/30, 118, 5, 8, 2, 15
2025/1/31, 102, 6, 8, 2, 24
2025/2/1, 92, 6, 9, 3, 21
2025/2/2, 88, 5, 9, 2, 17
2025/2/3, 81, 6, 9, 3, 20
2025/2/4, 101, 5, 9, 3, 11
2025/2/5, 91, 5, 9, 3, 2
2025/2/6, 83, 5, 9, 2, 4
2025/2/7, 116, 6, 9, 2, 7
2025/2/8, 120, 5, 9, 3, 5
2025/2/9, 119, 5, 9, 2, 3
2025/2/10, 112, 6, 9, 2, 4
2025/2/11, 122, 6, 9, 3, 4
2025/2/12, 105, 5, 9, 3, 4
2025/2/13, 125, 5, 8, 2, 
2025/2/14, 142, 5, 8, 2, 5
2025/2/15, 129, 6, 9, 3, 8
2025/2/16, 121, 6, 9, 3, 5
2025/2/17, 98, 5, 9, 3, 5
2025/2/18, 97, 7, 9, 2, 7
2025/2/19, 89, 5, 9, 3, 5
2025/2/20, 112, 5, 9, 3, 7
2025/2/21, 93, 6, 9, 3, 6
2025/2/22, 107, 5, 9, 3, 7
2025/2/23, 341, 5, 9, 2, 7
2025/2/24, 284, 5, 9, 2, 8
2025/2/25, 80, 5, 9, 3, 2
2025/2/26, 99, 6, 9, 3, 8
2025/2/27, 99, 5, 9, 3, 7
2025/2/28, 108, 5, 9, 2, 5
2025/3/1, 93, 6, 9, 3, 11
2025/3/2, 69, 5, 9, 3, 8
2025/3/3, 93, 5, 9, 3, 9
2025/3/4, 123, 7, 9, 3, 8
2025/3/5, 122, 6, 9, 3, 10
2025/3/6, 87, 5, 9, 3, 16
2025/3/7, 129, 6, 9, 3, 15
2025/3/8, 151, 5, 9, 3, 18
2025/3/9, 119, 5, 9, 3, 14
2025/3/10, 82, 5, 9, 3, 13
2025/3/11, 103, 5, 9, 2, 10
2025/3/12, 105, 6, 9, 3, 2
2025/3/13, 101, 5, 9, 2, 3
2025/3/14, 99, 5, 9, 3, 3
2025/3/15, 86, 5, 9, 2, 2
2025/3/16, 81, 7, 9, 3, 2
2025/3/17, 74, 5, 9, 3, 1
2025/3/18, 90, 6, 8, 2, 1
2025/3/19, 65, 5, 9, 2, 5
2025/3/20, 49, 5, 9, 2, 8
2025/3/21, 58, 5, 9, 2, 7
2025/3/22, 59, 5, 9, 2, 9
2025/3/23, 65, 5, 8, 2, 8
2025/3/24, 70, 5, 9, 2, 9
2025/3/25, 91, 5, 8, 2, 6
2025/3/26, 92, 6, 9, 2, 4
2025/3/27, 106, 5, 8, 3, 5
2025/3/28, 114, 5, 9, 2, 4
2025/3/29, 125, 5, 9, 2, 5
2025/3/30, 117, 5, 8, 2, 5
2025/3/31, 98, 5, 9, 1, 3
2024/10/1, 103, 6, 10, 2, 6
2024/10/2, 56, 6, 10, 2, 5
2024/10/3, 80, 7, 10, 2, 6
2024/10/4, 90, 7, 11, 2, 7
2024/10/5, 99, 7, 11, 3, 12
2024/10/6, 145, 7, 10, 1, 7
2024/10/7, 230, 5, 8, 1, 5
2024/10/8, 136, 5, 9, 1, 5
2024/10/9, 54, 5, 9, 1, 5
2024/10/10, 55, 5, 9, 1, 5
2024/10/11, 43, 5, 9, 1, 5
2024/10/12, 36, 5, 9, 1, 5
2024/10/13, 30, 5, 9, 1, 5
2024/10/14, 70, 5, 9, 5, 5
2024/10/15, 56, 5, 9, 1, 6
2024/10/16, 59, 5, 9, 1, 5
2024/10/17, 43, 5, 9, 1, 5
2024/10/18, 51, 5, 8, 1, 5
2024/10/19, 48, 5, 9, 1, 6
2024/10/20, 45, 5, 9, 4, 5
2024/10/21, 57, 5, 9, 2, 5
2024/10/22, 64, 5, 9, 2, 6
2024/10/23, 112, 5, 9, 2, 8
2024/10/24, 207, 6, 9, 2, 8
2024/10/25, 160, 5, 9, 1, 6
2024/10/26, 132, 6, 9, 2, 7
2024/10/27, 153, 5, 9, 3, 10
2024/10/28, 163, 5, 9, 3, 9
2024/10/29, 167, 5, 9, 2, 7
2024/10/30, 160, 5, 9, 2, 6
2024/10/31, 131, 5, 9, 2, 7
2024/11/1, 164, 5, 9, 2, 7
2024/11/2, 163, 5, 9, 2, 9
2024/11/3, 144, 5, 9, 1, 7
2024/11/4, 148, 5, 9, 2, 7
2024/11/5, 157, 5, 9, 2, 7
2024/11/6, 155, 5, 9, 2, 6
2024/11/7, 145, 5, 8, 2, 7
2024/11/8, 149, 5, 9, 2, 8
2024/11/9, 152, 5, 9, 2, 7
2024/11/10, 156, 5, 9, 3, 6
2024/11/11, 207, 5, 9, 3, 6
2024/11/12, 154, 5, 9, 4, 6
2024/11/13, 142, 5, 9, 2, 6
2024/11/14, 140, 5, 9, 2, 6
2024/11/15, 149, 5, 9, 1, 6
2024/11/16, 189, 5, 9, 2, 7
2024/11/17, 188, 5, 9, 1, 7
2024/11/18, 161, 5, 9, 3, 7
2024/11/19, 166, 5, 9, 2, 7
2024/11/20, 166, 5, 9, 2, 7
2024/11/21, 169, 5, 9, 3, 9
2024/11/22, 178, 5, 9, 3, 9
2024/11/23, 179, 5, 9, 2, 9
2024/11/24, 181, 5, 9, 1, 7
2024/11/25, 228, 6, 9, 2, 8
2024/11/26, 126, 5, 9, 1, 7
2024/11/27, 110, 5, 9, 2, 7
2024/11/28, 130, 5, 9, 2, 7
2024/11/29, 262, 5, 9, 2, 7
2024/11/30, 131, 5, 9, 2, 8
2024/12/1, 111, 6, 9, 2, 7
2024/12/2, 52, 5, 9, 2, 6
2024/12/3, 61, 5, 9, 3, 7
2024/12/4, 80, 5, 9, 3, 9
2024/12/5, 100, 5, 9, 2, 7
2024/12/6, 83, 6, 9, 3, 8
2024/12/7, 87, 5, 9, 2, 7
2024/12/8, 64, 5, 9, 3, 7
2024/12/9, 95, 6, 9, 4, 6
2024/12/10, 119, 5, 9, 2, 6
2024/12/11, 106, 5, 9, 9, 7
2024/12/12, 129, 5, 9, 8, 7
2024/12/13, 151, 5, 9, 5, 7
2024/12/14, 152, 5, 9, 16, 10
2024/12/15, 186, 6, 9, 15, 7
2024/12/16, 148, 6, 9, 2, 12
2024/12/17, 146, 5, 9, 3, 19
2024/12/18, 160, 5, 9, 3, 15
2024/12/19, 128, 5, 9, 3, 11
2024/12/20, 93, 5, 9, 2, 16
2024/12/21, 119, 5, 9, 3, 13
2024/12/22, 103, 5, 9, 3, 15
2024/12/23, 107, 5, 9, 3, 12
2024/12/24, 89, 5, 9, 3, 13
2024/12/25, 41, 5, 9, 3, 11
2024/12/26, 56, 5, 9, 3, 12
2024/12/27, 81, 5, 9, 3, 12
2024/12/28, 117, 5, 9, 3, 11
2024/12/29, 101, , , , 
2024/7/1, 277, 6, 10, , 4
2024/7/2, 259, 6, 10, 2, 4
2024/7/3, 55, 6, 10, 5, 4
2024/7/4, 52, 6, 11, , 4
2024/7/5, 50, 8, 10, 1, 4
2024/7/6, 61, 7, 10, 1, 4
2024/7/7, 59, 6, 10, 2, 5
2024/7/8, 58, 6, 10, 1, 4
2024/7/9, 62, , , , 
2024/7/11, 66, 7, 10, 2, 5
2024/7/12, 62, 6, 10, 2, 6
2024/7/13, 59, 7, 10, 2, 4
2024/7/14, 56, 7, 10, 2, 4
2024/7/15, 47, 6, 10, 2, 4
2024/7/16, 47, 7, 10, 1, 4
2024/7/17, 60, 6, 10, 1, 3
2024/7/18, 49, 6, 10, 1, 4
2024/7/19, 57, 6, 10, 2, 4
2024/7/20, 61, 6, 10, 2, 5
2024/7/21, 58, 6, 10, 1, 3
2024/7/22, 49, 7, 11, 2, 4
2024/7/23, 48, 6, 10, 2, 5
2024/7/24, 56, 6, 10, 1, 4
2024/7/25, 52, 6, 10, 3, 4
2024/7/26, 64, 6, 10, 1, 4
2024/7/27, 60, 7, 10, 1, 4
2024/7/28, 58, 6, 10, 86, 4
2024/7/29, 62, 6, 10, 3, 5
2024/7/30, 67, 7, 10, 2, 4
2024/7/31, 60, 6, 10, 1, 4
2024/8/1, 56, 6, 10, 1, 4
2024/8/2, 54, 6, 10, 1, 4
2024/8/3, 55, 6, 10, 1, 4
2024/8/4, 53, 7, 10, 5, 4
2024/8/5, 62, 6, 10, 1, 4
2024/8/6, 64, 7, 11, 1, 5
2024/8/7, 62, 7, 10, 23, 4
2024/8/8, 103, 7, 10, 43, 5
2024/8/9, 93, 7, 10, 1, 4
2024/8/10, 110, 6, 10, 2, 4
2024/8/11, 70, 6, 10, 2, 5
2024/8/12, 80, 7, 10, 2, 5
2024/8/13, 78, 7, 10, 3, 7
2024/8/14, 91, 6, 10, 2, 6
2024/8/15, 112, 7, 10, 2, 6
2024/8/16, 99, 7, 10, 2, 5
2024/8/17, 73, 7, 10, 2, 5
2024/8/18, 78, 6, 10, 2, 6
2024/8/19, 85, 6, 10, 2, 7
2024/8/20, 79, 6, 10, 2, 6
2024/8/21, 88, 7, 10, 1, 5
2024/8/22, 96, 6, 10, 2, 4
2024/8/23, 49, 6, 10, 1, 4
2024/8/24, 123, 6, 10, 1, 4
2024/8/25, 51, 7, 10, 1, 3
2024/8/26, 91, 6, 10, 1, 4
2024/8/27, 56, 6, 10, 1, 4
2024/8/28, 57, 6, 10, 3, 4
2024/8/29, 66, 6, 10, 1, 4
2024/8/30, 67, 6, 10, 1, 4
2024/8/31, 98, 7, 10, 2, 3
2024/9/1, 346, 6, 10, 2, 5
2024/9/2, 506, 6, 10, 2, 4
2024/9/3, 55, 7, 10, 1, 4
2024/9/4, 51, 13, 12, 2, 4
2024/9/5, 79, 6, 10, 3, 4
2024/9/6, 47, 6, 10, 2, 4
2024/9/7, 48, 45, 17, 1, 4
2024/9/8, 41, 64, 25, 2, 5
2024/9/9, 49, 158, 36, 1, 4
2024/9/10, 47, 5, 9, 3, 4
2024/9/11, 44, 6, 9, 1, 4
2024/9/12, 47, 6, 9, 1, 4
2024/9/13, 62, 5, 9, 1, 4
2024/9/14, 66, 5, 9, 1, 4
2024/9/15, 61, 5, 9, 1, 4
2024/9/16, 61, 5, 9, 1, 4
2024/9/17, 82, 5, 9, 2, 5
2024/9/18, 90, 5, 9, 4, 6
2024/9/19, 106, 5, 9, 3, 6
2024/9/20, 103, 6, 9, 2, 5
2024/9/21, 79, 6, 9, 2, 5
2024/9/22, 90, 5, 9, 1, 5
2024/9/23, 98, 5, 9, 4, 7
2024/9/24, 82, 5, 9, 5, 7
2024/9/25, 72, 6, 9, 1, 6
2024/9/26, 55, 6, 9, 1, 4
2024/9/27, 43, 5, 9, 1, 4
2024/9/28, 41, 6, 10, 1, 7
2024/9/29, 74, 7, 10, 2, 7
2024/9/30, 86, 6, 10, 2, 9
2024/4/1, 112, , , , 
2024/4/3, 110, 6, 10, 168, 7
2024/4/4, 100, 6, 10, 2, 6
2024/4/5, 102, , , , 
2024/4/7, 123, 6, 10, 2, 8
2024/4/8, 133, 6, 10, 1, 5
2024/4/9, 114, 15, 13, 1, 5
2024/4/10, 91, 7, 9, 4, 6
2024/4/11, 84, , , , 
2024/4/13, 92, 6, 10, 2, 7
2024/4/14, 98, 6, 9, 2, 6
2024/4/15, 114, 7, 10, 5, 7
2024/4/16, 105, 9, 10, 2, 7
2024/4/17, 126, 22, 17, 2, 8
2024/4/18, 147, 6, 10, 52, 8
2024/4/19, 141, 7, 10, 58, 8
2024/4/20, 132, 500, 150, 2, 8
2024/4/21, 131, 253, 67, 2, 6
2024/4/22, 113, 6, 10, 10, 5
2024/4/23, 97, 6, 10, 4, 7
2024/4/24, 158, 7, 10, 2, 6
2024/4/25, 101, , , , 
2024/4/27, 495, 68, 27, 2, 7
2024/4/28, 758, 63, 16, 4, 7
2024/4/29, 500, 14, 11, 1, 6
2024/4/30, 104, 7, 10, 5, 6
2024/5/1, 112, 7, 10, 23, 7
2024/5/2, 116, 6, 10, 3, 7
2024/5/3, 110, 6, 10, 7, 7
2024/5/4, 169, 31, 15, 27, 7
2024/5/5, 126, 250, 64, 13, 8
2024/5/6, 120, 5, 9, 5, 6
2024/5/7, 104, 15, 11, 4, 5
2024/5/8, 74, 30, 14, 5, 6
2024/5/9, 83, 342, 66, 3, 5
2024/5/10, 90, 7, 16, 8, 6
2024/5/11, 86, , , , 
2024/5/13, 67, 426, 65, 7, 5
2024/5/14, 90, 6, 10, 2, 6
2024/5/15, 82, 5, 10, 22, 6
2024/5/16, 85, 7, 10, 22, 5
2024/5/17, 69, 21, 13, 9, 5
2024/5/18, 64, 127, 48, 11, 7
2024/5/19, 116, 384, 84, 7, 7
2024/5/20, 92, 6, 10, 4, 7
2024/5/21, 80, 6, 10, 3, 5
2024/5/22, 82, 6, 10, 4, 6
2024/5/23, 92, 7, 10, 4, 7
2024/5/24, 104, 6, 10, 3, 6
2024/5/25, 105, 6, 10, 3, 5
2024/5/26, 92, 6, 10, 5, 5
2024/5/27, 84, 7, 10, 1, 4
2024/5/28, 82, 6, 10, 2, 5
2024/5/29, 89, 6, 11, 2, 5
2024/5/30, 90, 6, 10, 3, 5
2024/5/31, 100, 6, 10, 2, 5
2024/6/1, 104, 6, 11, 3, 5
2024/6/2, 74, 6, 10, 1, 6
2024/6/3, 76, 6, 11, 2, 6
2024/6/4, 139, 6, 10, 2, 6
2024/6/5, 85, 498, 35, 2, 7
2024/6/6, 84, 69, 22, 3, 6
2024/6/7, 79, 128, 56, 3, 7
2024/6/8, 91, 177, 97, 3, 5
2024/6/9, 56, 58, 48, 2, 5
2024/6/10, 75, 27, 16, 1, 5
2024/6/11, 75, 7, 10, 2, 5
2024/6/12, 78, 6, 10, 2, 4
2024/6/13, 71, 6, 10, 1, 4
2024/6/14, 66, 7, 10, 2, 4
2024/6/15, 61, 7, 10, 2, 4
2024/6/16, 65, 7, 11, 3, 4
2024/6/17, 80, 8, 11, 2, 6
2024/6/18, 71, 7, 11, 1, 4
2024/6/19, 65, 7, 10, 3, 4
2024/6/20, 73, 7, 10, 1, 4
2024/6/21, 132, 6, 10, 2, 4
2024/6/22, 76, 7, 10, 2, 5
2024/6/23, 128, 6, 10, 4, 5
2024/6/24, 59, 6, 10, 3, 4
2024/6/25, 60, 7, 10, 2, 4
2024/6/26, 105, 7, 10, 3, 4
2024/6/27, 57, 6, 10, 2, 5
2024/6/28, 63, 6, 10, 1, 4
2024/6/29, 67, 6, 10, 1, 5
2024/6/30, 77, 6, 10, 1, 4
2024/1/1, 179, 161, 93, 2, 7
2024/1/2, 168, 387, 83, 3, 8
2024/1/3, 212, 4, 8, 2, 7
2024/1/4, 579, 6, 9, 3, 6
2024/1/5, 151, 5, 9, 1, 5
2024/1/6, 131, 253, 30, 2, 8
2024/1/7, 139, 65, 32, 3, 7
2024/1/8, 146, 5, 8, 2, 8
2024/1/9, 166, 19, 19, 3, 8
2024/1/10, 169, 26, 17, 4, 11
2024/1/11, 177, 69, 21, 2, 9
2024/1/12, 165, 24, 20, 4, 8
2024/1/13, 165, 44, 35, 2, 11
2024/1/14, 186, 17, 20, 3, 8
2024/1/15, 148, 441, 152, 2, 7
2024/1/16, 163, 170, 53, 2, 6
2024/1/17, 148, 5, 8, 2, 6
2024/1/18, 115, 500, 112, 3, 7
2024/1/19, 140, 197, 46, 2, 6
2024/1/20, 113, 323, 130, 2, 6
2024/1/21, 112, 113, 34, 2, 6
2024/1/22, 125, 5, 9, 2, 6
2024/1/23, 113, 38, 22, 2, 6
2024/1/24, 126, 101, 38, 1, 7
2024/1/25, 167, 43, 18, 2, 6
2024/1/26, 148, 127, 54, 3, 6
2024/1/27, 146, 250, 21, 2, 8
2024/1/28, 152, 37, 27, 2, 8
2024/1/29, 212, 5, 10, 2, 8
2024/1/30, 158, 6, 9, 40, 6
2024/1/31, 113, 10, 11, 4, 7
2024/2/1, 121, 220, 72, 5, 9
2024/2/2, 141, 5, 10, 1, 6
2024/2/3, 486, 61, 30, 2, 7
2024/2/4, 148, 67, 31, 7, 7
2024/2/5, 131, 78, 30, 3, 8
2024/2/6, 151, 71, 26, 4, 7
2024/2/7, 145, 69, 28, 2, 7
2024/2/8, 154, 7, 9, 2, 6
2024/2/9, 130, 47, 22, 2, 5
2024/2/10, 136, 306, 73, 2, 7
2024/2/11, 127, 118, 48, 2, 6
2024/2/12, 125, 6, 10, 2, 5
2024/2/13, 75, 500, 44, 1, 6
2024/2/14, 94, 287, 47, 2, 6
2024/2/15, 94, 152, 69, 2, 5
2024/2/16, 95, 191, 61, 1, 7
2024/2/17, 108, 500, 102, 1, 9
2024/2/18, 108, 190, 40, 2, 7
2024/2/19, 108, 97, 37, 2, 7
2024/2/20, 115, 119, 31, 2, 6
2024/2/21, 134, 6, 9, 2, 6
2024/2/22, 132, 277, 47, 2, 6
2024/2/23, 145, 5, 9, 1, 5
2024/2/24, 157, 106, 44, 2, 6
2024/2/25, 118, 178, 58, 5, 5
2024/2/26, 104, 30, 16, 2, 5
2024/2/27, 85, 144, 62, 2, 6
2024/2/28, 83, 7, 10, 2, 7
2024/2/29, 114, 194, 87, 1, 7
2024/3/1, 123, 14, 13, 2, 6
2024/3/2, 100, 121, 31, 1, 7
2024/3/3, 130, 11, 11, 2, 6
2024/3/4, 133, 118, 16, 3, 6
2024/3/5, 150, 462, 107, 3, 6
2024/3/6, 110, 61, 21, 2, 7
2024/3/7, 131, 6, 10, 2, 6
2024/3/8, 125, 6, 10, 2, 7
2024/3/9, 142, 6, 10, 2, 6
2024/3/10, 117, 6, 10, 2, 5
2024/3/11, 90, 19, 14, 2, 7
2024/3/12, 147, 6, 9, 1, 6
2024/3/13, 148, 92, 33, 2, 6
2024/3/14, 154, , , , 
2024/3/16, 123, 6, 10, 2, 6
2024/3/17, 98, 6, 9, 3, 6
2024/3/18, 93, 6, 9, 3, 6
2024/3/19, 119, 6, 10, 2, 5
2024/3/20, 119, 6, 9, 2, 5
2024/3/21, 139, 6, 9, 4, 6
2024/3/22, 105, 6, 9, 4, 6
2024/3/23, 99, 167, 31, 3, 6
2024/3/24, 121, 77, 59, 2, 6
2024/3/25, 117, 6, 8, 2, 6
2024/3/26, 117, 500, 200, 1, 6
2024/3/27, 97, 431, 79, 2, 6
2024/3/28, 117, 5, 10, 1, 7
2024/3/29, 129, 5, 10, 2, 7
2024/3/30, 113, 6, 10, 2, 8
2024/3/31, 115, 6, 10, 2, 6
2023/10/1, 59, 4, 5, 2, 5
2023/10/2, 81, 4, 6, 2, 6
2023/10/3, 119, 4, 7, 2, 6
2023/10/4, 125, 5, 8, 2, 6
2023/10/5, 129, 4, 9, 2, 7
2023/10/6, 118, 5, 11, 3, 7
2023/10/7, 132, 5, 17, 6, 9
2023/10/8, 166, 5, 11, 3, 8
2023/10/9, 148, 5, 9, 3, 7
2023/10/10, 196, 5, 10, 3, 6
2023/10/11, 137, 5, 12, 4, 7
2023/10/12, 140, 5, 13, 6, 8
2023/10/13, 140, 6, 13, 10, 8
2023/10/14, 76, 5, 9, 4, 8
2023/10/15, 5, 5, 9, 3, 7
2023/10/16, 5, 5, 9, 3, 5
2023/10/17, 6, 5, 9, 2, 7
2023/10/18, 7, 5, 8, 5, 7
2023/10/19, 6, 5, 9, 7, 6
2023/10/20, 7, 6, 9, 5, 6
2023/10/21, 6, 6, 9, 28, 6
2023/10/22, 8, 5, 9, 9, 6
2023/10/23, 7, 5, 9, 6, 6
2023/10/24, 8, 5, 9, 4, 6
2023/10/25, 7, 5, 9, 9, 6
2023/10/26, 8, 5, 9, 13, 6
2023/10/27, 8, 5, 9, 19, 7
2023/10/28, 5, 5, 9, 18, 7
2023/10/29, 6, 5, 9, 35, 6
2023/10/30, 6, 5, 9, 7, 7
2023/10/31, 5, 5, 9, 2, 6
2023/11/1, 5, 5, 9, 2, 7
2023/11/2, 6, 5, 9, 3, 6
2023/11/3, 5, 6, 9, 3, 6
2023/11/4, 6, 5, 9, 3, 7
2023/11/5, 6, 5, 9, 3, 6
2023/11/6, 5, 5, 9, 4, 6
2023/11/7, 6, 5, 9, 6, 6
2023/11/8, 5, 6, 9, 4, 7
2023/11/9, 5, 5, 9, 4, 8
2023/11/10, 5, 5, 9, 4, 9
2023/11/11, 5, , , , 
2023/7/1, 59, 5, 6, 1, 4
2023/7/2, 67, 5, 9, 1, 4
2023/7/3, 60, 5, 6, 1, 4
2023/7/4, 59, 5, 3, , 5
2023/7/5, 61, 5, 5, , 4
2023/7/6, 46, 5, 4, , 4
2023/7/7, 52, 5, 6, , 4
2023/7/8, 123, 5, 7, 1, 4
2023/7/9, 56, 5, 3, , 4
2023/7/10, 106, 6, 5, , 4
2023/7/11, 132, 5, 9, 1, 5
2023/7/12, 83, 5, 6, 1, 5
2023/7/13, 71, 5, 8, 1, 4
2023/7/14, 59, 5, 6, , 4
2023/7/15, 58, 5, 6, 1, 4
2023/7/16, 59, 5, 6, 1, 4
2023/7/17, 66, 5, 7, 1, 4
2023/7/18, 58, 6, 6, 1, 5
2023/7/19, 58, 5, 5, , 4
2023/7/20, 67, 5, 9, 1, 5
2023/7/21, 85, 5, 6, , 6
2023/7/22, 132, 5, 6, , 5
2023/7/23, 50, 5, 6, 1, 4
2023/7/24, 64, 5, 8, 1, 4
2023/7/25, 53, 5, 6, 1, 4
2023/7/26, 49, 5, 5, , 4
2023/7/27, 51, 5, 12, 2, 4
2023/7/28, 56, 5, 11, 2, 3
2023/7/29, 85, 5, 3, , 4
2023/7/30, 57, 5, 3, , 4
2023/7/31, 70, 5, 4, , 4
2023/8/1, 67, 4, 6, 1, 4
2023/8/2, 66, 5, 6, , 4
2023/8/3, 68, 5, 7, 1, 4
2023/8/4, 64, 4, 9, 1, 4
2023/8/5, 64, 5, 15, 2, 4
2023/8/6, 68, 5, 10, 2, 4
2023/8/7, 74, 5, 7, 1, 4
2023/8/8, 76, 5, 6, 1, 4
2023/8/9, 75, 5, 13, 2, 5
2023/8/10, 83, 5, 21, 4, 5
2023/8/11, 85, 6, 24, 6, 5
2023/8/12, 87, 6, 19, 4, 5
2023/8/13, 72, 6, 12, 2, 4
2023/8/14, 65, 6, 36, 7, 4
2023/8/15, 67, 6, 12, 2, 4
2023/8/16, 70, 4, 13, 2, 4
2023/8/17, 83, 4, 11, 2, 4
2023/8/18, 78, 4, 44, 11, 4
2023/8/19, 70, 4, 39, 7, 4
2023/8/20, 77, 4, 12, 2, 4
2023/8/21, 72, 4, 9, 1, 5
2023/8/22, 89, 4, 16, 3, 5
2023/8/23, 78, 4, 6, 1, 5
2023/8/24, 70, 4, 9, 1, 5
2023/8/25, 128, 4, 4, , 4
2023/8/26, 60, 4, 4, , 4
2023/8/27, 54, 4, 11, 2, 4
2023/8/28, 63, 4, 9, 1, 4
2023/8/29, 80, 4, 6, 1, 5
2023/8/30, 109, 4, 12, 2, 4
2023/8/31, 383, 4, 9, 1, 5
2023/9/1, 125, 4, 11, 2, 6
2023/9/2, 134, 4, 4, , 5
2023/9/3, 72, 5, 5, , 5
2023/9/4, 71, 4, 4, , 5
2023/9/5, 82, 4, 10, 1, 6
2023/9/6, 94, 4, 6, 1, 5
2023/9/7, 75, 4, 7, 1, 4
2023/9/8, 56, 5, 2, , 5
2023/9/9, 58, 4, 13, 2, 5
2023/9/10, 67, 4, 7, 1, 4
2023/9/11, 69, 4, 9, 1, 5
2023/9/12, 78, 5, 15, 3, 5
2023/9/13, 68, 4, 23, 4, 5
2023/9/14, 65, 4, 10, 2, 5
2023/9/15, 66, 5, 17, 3, 4
2023/9/16, 65, 4, 20, 4, 6
2023/9/17, 65, 5, 11, 2, 4
2023/9/18, 61, 5, 27, 10, 4
2023/9/19, 64, 4, 31, 11, 5
2023/9/20, 70, 5, 25, 5, 5
2023/9/21, 72, 4, 19, 3, 5
2023/9/22, 63, , , , 
2023/9/25, 76, , , , 
2023/9/27, 118, 4, 10, 4, 9
2023/9/28, 108, 5, 36, 15, 7
2023/9/29, 103, 4, 15, 6, 5
2023/9/30, 67, 5, 6, 2, 5
2023/4/3, 97, 6, 6, 1, 5
2023/4/4, 100, 6, 7, 1, 6
2023/4/5, 107, 6, 9, 1, 8
2023/4/6, 139, 5, 4, , 6
2023/4/7, 133, 4, 4, , 5
2023/4/8, 124, 3, 8, 1, 7
2023/4/9, 137, 3, 7, 1, 6
2023/4/10, 209, 5, 9, 1, 7
2023/4/11, 131, 2, 10, 1, 7
2023/4/12, 128, 4, 9, 1, 7
2023/4/13, 143, 4, 8, 1, 10
2023/4/14, 155, 4, 4, , 6
2023/4/15, 97, 4, 8, 1, 9
2023/4/16, 114, 4, 11, 2, 14
2023/4/17, 151, 5, 7, 1, 10
2023/4/18, 152, 4, 10, 2, 9
2023/4/19, 154, 4, 5, , 8
2023/4/20, 145, 4, 7, 1, 7
2023/4/21, 119, 4, 8, 1, 6
2023/4/22, 104, 4, 8, 1, 7
2023/4/23, 118, 4, 7, 1, 5
2023/4/24, 93, 4, 6, , 5
2023/4/25, 86, 4, 6, 1, 5
2023/4/26, 82, 4, 7, 1, 6
2023/4/27, 128, 4, 7, 1, 6
2023/4/28, 289, 4, 5, , 6
2023/4/29, 89, 4, 7, 1, 7
2023/4/30, 87, 4, 9, 1, 5
2023/5/1, 234, 4, 6, 1, 5
2023/5/2, 67, 4, 5, , 5
2023/5/3, 73, 4, 6, 1, 5
2023/5/4, 68, 4, 6, 1, 5
2023/5/5, 66, 4, 7, 1, 6
2023/5/6, 109, 4, 6, , 6
2023/5/7, 86, 4, 5, 1, 6
2023/5/8, 94, 4, 5, , 6
2023/5/9, 97, 4, 4, , 7
2023/5/10, 133, 4, 5, 1, 13
2023/5/11, 153, 4, 9, 1, 7
2023/5/12, 128, 4, 7, 1, 11
2023/5/13, 134, 4, 8, 1, 10
2023/5/14, 110, 4, 4, , 6
2023/5/15, 92, 5, 6, 1, 6
2023/5/16, 95, 5, 7, 1, 5
2023/5/17, 91, 4, 6, 1, 8
2023/5/18, 104, 5, 7, 1, 7
2023/5/19, 130, , , , 
2023/5/22, 102, 4, 7, 1, 9
2023/5/23, 134, 5, 6, 1, 7
2023/5/24, 115, 4, 4, , 6
2023/5/25, 106, 5, 5, , 6
2023/5/26, 91, 5, 7, 1, 6
2023/5/27, 104, 5, 6, 1, 7
2023/5/28, 108, 4, 7, 1, 7
2023/5/29, 224, 5, 4, , 7
2023/5/30, 105, 5, 11, 2, 7
2023/5/31, 115, 5, 9, 2, 7
2023/6/1, 131, 5, 8, 1, 6
2023/6/2, 115, 5, 6, 1, 6
2023/6/3, 99, 5, 12, 2, 6
2023/6/4, 88, 5, 7, 1, 5
2023/6/5, 87, 5, 3, , 7
2023/6/6, 113, 5, 6, 1, 5
2023/6/7, 89, 5, 6, 1, 5
2023/6/8, 83, 5, 6, 1, 5
2023/6/9, 76, 5, 6, 1, 4
2023/6/10, 61, 5, 5, , 4
2023/6/11, 66, 5, 8, 1, 4
2023/6/12, 65, 5, 5, 1, 4
2023/6/13, 77, 5, 7, 1, 4
2023/6/14, 73, 4, 7, 1, 4
2023/6/15, 70, 4, 7, 1, 4
2023/6/16, 76, 5, 6, 1, 4
2023/6/17, 78, 5, 5, , 4
2023/6/18, 90, 4, 8, 1, 5
2023/6/19, 102, 6, 10, 2, 7
2023/6/20, 112, 5, 7, 1, 5
2023/6/21, 91, 4, 5, , 5
2023/6/22, 85, 5, 4, , 5
2023/6/23, 88, 5, 7, 1, 5
2023/6/24, 69, 5, 6, 1, 4
2023/6/25, 57, 5, 6, , 4
2023/6/26, 72, 5, 5, , 4
2023/6/27, 85, 5, 7, 1, 4
2023/6/28, 92, 5, 6, 1, 4
2023/6/29, 55, 5, 6, 1, 4
2023/6/30, 54, 5, 7, 1, 4
2023/1/2, 150, 10, 2, 1, 7
2023/1/3, 151, 8, 2, 1, 7
2023/1/4, 136, 7, 1, , 7
2023/1/5, 156, 7, 3, 1, 8
2023/1/6, 177, 7, 2, 1, 8
2023/1/7, 163, 7, 3, 1, 9
2023/1/8, 137, 7, 3, 1, 10
2023/1/9, 134, 7, 4, 1, 10
2023/1/10, 137, 8, 5, 2, 14
2023/1/11, 163, 8, 3, 1, 12
2023/1/12, 138, 8, 5, 2, 10
2023/1/13, 135, 8, 2, 1, 9
2023/1/14, 127, 8, 2, 1, 9
2023/1/15, 127, 8, 2, 1, 6
2023/1/16, 69, 8, 2, 1, 6
2023/1/17, 58, 8, 2, 1, 6
2023/1/18, 64, 8, 2, 1, 6
2023/1/19, 85, 8, 2, 1, 7
2023/1/20, 101, 9, 2, 1, 6
2023/1/21, 238, 9, 2, 1, 8
2023/1/22, 113, 8, 2, 1, 7
2023/1/23, 124, 7, 2, 1, 6
2023/1/24, 55, 6, 2, , 5
2023/1/25, 47, 6, 2, 1, 6
2023/1/26, 79, 7, 2, 1, 7
2023/1/27, 118, 7, 3, 1, 11
2023/1/28, 142, 7, 3, 1, 10
2023/1/29, 144, 7, 2, 1, 7
2023/1/30, 117, 6, 2, 1, 7
2023/1/31, 120, 7, 3, 1, 8
2023/2/1, 160, 7, 2, 1, 6
2023/2/2, 108, 7, 4, 2, 6
2023/2/3, 93, 7, 4, 2, 10
2023/2/4, 145, 7, 3, 1, 9
2023/2/5, 126, 8, 3, 1, 9
2023/2/6, 123, 7, 2, 1, 8
2023/2/7, 124, 9, 2, 1, 7
2023/2/8, 129, 8, 3, 1, 8
2023/2/9, 124, 10, 4, 2, 9
2023/2/10, 128, 8, 6, 3, 12
2023/2/11, 139, 8, 4, 2, 13
2023/2/12, 126, 8, 1, , 6
2023/2/13, 71, 8, 4, 1, 7
2023/2/14, 107, 8, 4, 2, 8
2023/2/15, 119, 8, 5, 2, 8
2023/2/16, 127, 8, 5, 2, 9
2023/2/17, 149, 7, 4, 1, 11
2023/2/18, 138, 7, 2, 1, 7
2023/2/19, 117, 7, 3, 1, 8
2023/2/20, 139, 8, 4, 2, 9
2023/2/21, 136, 8, 5, 2, 12
2023/2/22, 157, 8, 3, 1, 10
2023/2/23, 294, 8, 4, 2, 9
2023/2/24, 117, 10, 5, 2, 9
2023/2/25, 82, 7, 5, 2, 13
2023/2/26, 89, 8, 3, 1, 7
2023/2/27, 63, 8, 4, 1, 6
2023/2/28, 59, 8, 2, 1, 7
2023/3/1, 63, 9, 3, 1, 8
2023/3/2, 70, 8, 4, 2, 11
2023/3/3, 84, 8, 3, 1, 9
2023/3/4, 77, 8, 3, 1, 10
2023/3/5, 76, 9, 3, 1, 11
2023/3/6, 87, 8, 3, 1, 7
2023/3/7, 63, 8, 3, 1, 7
2023/3/8, 58, 20, 60, 33, 8
2023/3/9, 66, 24, 3, , 7
2023/3/10, 133, 4, 6, 1, 8
2023/3/11, 156, 1, 8, 1, 8
2023/3/12, 131, 2, 6, 1, 9
2023/3/13, 135, 4, 8, 1, 10
2023/3/14, 147, 4, 7, 1, 8
2023/3/15, 151, 3, 5, , 8
2023/3/16, 155, 4, 6, 1, 7
2023/3/17, 98, 1, 5, , 6
2023/3/18, 90, , 7, 1, 7
2023/3/19, 107, 1, 5, , 7
2023/3/20, 150, 2, 6, 1, 6
2023/3/21, 128, , 6, 1, 9
2023/3/22, 123, , 5, 1, 7
2023/3/23, 131, 3, 7, 1, 6
2023/3/24, 117, 3, 6, 1, 6
2023/3/25, 146, 2, 6, 1, 7
2023/3/26, 110, 3, 8, 1, 6
2023/3/27, 114, 2, 7, 1, 7
2023/3/28, 133, 6, 4, , 6
2023/3/29, 119, 6, 4, , 5
2023/3/30, 109, 6, 7, 1, 6
2023/3/31, 123, , , , 
2022/10/1, 107, , , , 
2022/10/3, 109, 12, 5, 1, 2
2022/10/4, 126, 14, 4, 1, 2
2022/10/5, 136, 13, 4, , 1
2022/10/6, 61, 13, 5, 1, 2
2022/10/7, 75, 13, 4, 1, 2
2022/10/8, 81, 12, 5, 1, 1
2022/10/9, 75, 12, 6, 1, 1
2022/10/10, 59, 12, 5, 1, 1
2022/10/11, 56, 12, 5, 1, 1
2022/10/12, 75, 11, 7, 1, 2
2022/10/13, 77, 12, 7, 1, 1
2022/10/14, 87, 12, 5, 1, 2
2022/10/15, 89, 11, 5, 1, 2
2022/10/16, 55, , , , 
2022/10/24, 156, 15, 8, 1, 7
2022/10/25, 194, 14, 9, 1, 8
2022/10/26, 159, 12, 40, 5, 9
2022/10/27, 156, 15, 28, 1, 7
2022/10/28, 143, 15, 21, 1, 5
2022/10/29, 124, 16, 9, , 7
2022/10/30, 136, 15, 9, , 7
2022/10/31, 158, 15, 9, 1, 8
2022/11/1, 161, 13, 11, 2, 9
2022/11/2, 171, 14, 7, 2, 7
2022/11/3, 157, 14, 7, 1, 7
2022/11/4, 159, 14, 7, 1, 7
2022/11/5, 146, 13, 11, 1, 9
2022/11/6, 153, 14, 13, 1, 11
2022/11/7, 168, 14, 19, 2, 10
2022/11/8, 173, 14, 13, 1, 9
2022/11/9, 164, 15, 9, 1, 6
2022/11/10, 156, 15, 8, 2, 5
2022/11/11, 160, 15, 8, 1, 5
2022/11/12, 157, 15, 7, 1, 6
2022/11/13, 158, 14, 21, 3, 6
2022/11/14, 162, 15, 14, 1, 6
2022/11/15, 166, 15, 15, 2, 6
2022/11/16, 152, 14, 39, 1, 7
2022/11/17, 155, 14, 14, 1, 7
2022/11/18, 159, 15, 38, 3, 6
2022/11/19, 168, 15, 17, 1, 7
2022/11/20, 171, 16, 10, , 7
2022/11/21, 164, 15, 10, 1, 7
2022/11/22, 166, 14, 10, 1, 7
2022/11/23, 167, 14, 10, 1, 9
2022/11/24, 162, 14, 10, 1, 8
2022/11/25, 167, 14, 10, 1, 7
2022/11/26, 167, , , , 
2022/11/28, 162, 14, 12, , 7
2022/11/29, 156, 15, 12, 1, 9
2022/11/30, 173, 14, 11, 1, 9
2022/12/1, 176, 14, 10, 1, 9
2022/12/2, 173, 14, 9, 1, 8
2022/12/3, 159, 6, 13, 1, 8
2022/12/4, 164, 8, 15, 1, 7
2022/12/5, 179, 8, 14, 2, 7
2022/12/6, 165, 14, 16, 3, 8
2022/12/7, 172, 18, 12, 1, 7
2022/12/8, 167, 16, 11, 1, 7
2022/12/9, 174, 17, 14, 1, 6
2022/12/10, 162, 14, , 1, 7
2022/12/11, 117, 19, , 1, 6
2022/12/12, 89, 19, 8, 1, 6
2022/12/13, 83, 20, 8, 1, 7
2022/12/14, 88, 20, 12, 1, 10
2022/12/15, 148, 13, , 1, 9
2022/12/16, 161, 12, , 1, 10
2022/12/17, 183, 15, , , 7
2022/12/18, 141, 13, , , 9
2022/12/19, 170, 10, 1, 1, 10
2022/12/20, 184, 8, 7, 1, 10
2022/12/21, 174, 8, 10, 1, 11
2022/12/22, 172, 9, 11, 1, 9
2022/12/23, 231, 9, 2, 1, 10
2022/12/24, 147, 9, 2, 1, 9
2022/12/25, 85, 9, 2, , 7
2022/12/26, 64, 9, 3, 1, 7
2022/12/27, 84, 10, 2, 1, 7
2022/12/28, 98, 9, 2, 1, 9
2022/12/29, 133, 10, 3, 1, 9
2022/12/30, 158, 10, 3, 1, 10
2022/12/31, 151, 10, 2, 1, 8
2023/1/1, 151, 10, 2, 1, 7
2022/7/1, 64, 7, 7, 3, 3
2022/7/2, 81, 7, 8, 2, 3
2022/7/3, 85, 9, 6, 1, 2
2022/7/4, 77, 9, 5, 1, 2
2022/7/5, 53, 9, 6, 2, 2
2022/7/6, 64, 9, 6, 2, 3
2022/7/7, 69, 8, 6, 1, 2
2022/7/8, 72, 8, 6, 2, 3
2022/7/9, 58, 4, 8, , 1
2022/7/10, 55, 6, 22, 6, 8
2022/7/11, 67, 8, 6, , 1
2022/7/12, 65, 9, 6, 1, 1
2022/7/13, 72, 9, 6, 1, 1
2022/7/14, 71, 10, 5, 1, 2
2022/7/15, 63, 10, 5, , 1
2022/7/16, 67, 9, 5, 1, 2
2022/7/17, 67, 9, 6, 1, 2
2022/7/18, 67, 9, 6, 1, 2
2022/7/19, 66, 11, 6, 1, 1
2022/7/20, 82, 11, 6, , 1
2022/7/21, 73, 9, 8, , 1
2022/7/22, 78, 9, 5, 1, 2
2022/7/23, 66, 9, 5, 1, 2
2022/7/24, 64, 9, 5, , 1
2022/7/25, 71, 11, 7, , 1
2022/7/26, 66, 10, 7, 2, 3
2022/7/27, 94, 9, 12, 1, 2
2022/7/28, 126, 8, 15, 1, 3
2022/7/29, 142, 9, 11, 1, 1
2022/7/30, 94, 9, 5, 1, 2
2022/7/31, 83, 7, 7, 1, 2
2022/8/1, 112, 6, 10, 1, 2
2022/8/2, 108, 8, 7, 2, 3
2022/8/3, 99, 8, 7, 1, 2
2022/8/4, 94, 8, 6, , 
2022/8/5, 76, 11, 5, 1, 1
2022/8/6, 57, 9, 5, 1, 1
2022/8/7, 60, 11, 6, 1, 2
2022/8/8, 58, 10, 5, , 1
2022/8/9, 61, 10, 4, 1, 2
2022/8/10, 60, 10, 5, 1, 1
2022/8/11, 57, 10, 5, 1, 2
2022/8/12, 54, 10, 5, , 1
2022/8/13, 62, 10, 5, , 1
2022/8/14, 64, 10, 4, 1, 1
2022/8/15, 58, 10, 5, 1, 2
2022/8/16, 56, 10, 12, 2, 4
2022/8/17, 61, 10, 8, 1, 2
2022/8/18, 74, 12, 6, 1, 2
2022/8/19, 70, 11, 5, 1, 2
2022/8/20, 62, 11, 4, 1, 2
2022/8/21, 66, 10, 5, 1, 2
2022/8/22, 60, 12, 5, , 1
2022/8/23, 55, 11, 5, 1, 2
2022/8/24, 60, 10, 5, 1, 2
2022/8/25, 66, 12, 6, 1, 2
2022/8/26, 91, 14, 6, , 1
2022/8/27, 99, 11, 4, 1, 2
2022/8/28, 96, 10, 5, , 1
2022/8/29, 132, 9, 5, 1, 2
2022/8/30, 88, 9, 4, , 1
2022/8/31, 68, 12, 5, , 1
2022/9/1, 57, 13, 4, 1, 3
2022/9/2, 60, 9, 5, 1, 2
2022/9/3, 62, 9, 4, 1, 2
2022/9/4, 83, 9, 6, 1, 2
2022/9/5, 95, 8, 7, 1, 2
2022/9/6, 113, 7, 13, 1, 3
2022/9/7, 114, 10, 7, 1, 2
2022/9/8, 98, 9, 5, , 1
2022/9/9, 88, 9, 5, 1, 2
2022/9/10, 73, 10, 5, 1, 2
2022/9/11, 61, 12, 4, 1, 1
2022/9/12, 43, 11, 6, 1, 2
2022/9/13, 55, 12, 6, 1, 2
2022/9/14, 60, 10, 5, 1, 2
2022/9/15, 59, 11, 5, , 1
2022/9/16, 57, 10, 5, 1, 1
2022/9/17, 67, 11, 4, , 1
2022/9/18, 70, 11, 5, 1, 2
2022/9/19, 73, 13, 5, 1, 2
2022/9/20, 78, 14, 5, 1, 2
2022/9/21, 108, 11, 5, 1, 2
2022/9/22, 100, 12, 5, 1, 1
2022/9/23, 84, 11, 6, 1, 2
2022/9/24, 83, 10, 8, 1, 2
2022/9/25, 91, 10, 6, , 1
2022/9/26, 114, 7, 6, 1, 1
2022/9/27, 106, 12, 8, 1, 3
2022/9/28, 143, 10, 7, 2, 3
2022/9/29, 129, 10, 9, 1, 3
2022/9/30, 143, 9, 6, 1, 2
2022/4/1, 159, 5, 7, 1, 4
2022/4/2, 147, 6, 7, 1, 5
2022/4/3, 145, 5, 8, 1, 5
2022/4/4, 138, 4, 7, 1, 3
2022/4/5, 118, 5, 8, 1, 5
2022/4/6, 122, 10, 18, 3, 6
2022/4/7, 143, 8, 10, 5, 5
2022/4/8, 124, 7, 11, 27, 6
2022/4/9, 98, 23, 9, 19, 6
2022/4/10, 88, 24, 9, 18, 5
2022/4/11, 91, 23, 9, 1, 6
2022/4/12, 111, 8, 26, 3, 4
2022/4/13, 86, 7, 10, 1, 4
2022/4/14, 89, 7, 9, , 5
2022/4/15, 122, 8, 10, 1, 5
2022/4/16, 124, 8, 9, 1, 5
2022/4/17, 129, 7, 14, 1, 7
2022/4/18, 138, 7, 14, 1, 9
2022/4/19, 126, 8, 10, 2, 5
2022/4/20, 129, 7, 13, 1, 5
2022/4/21, 138, 7, 12, 2, 6
2022/4/22, 123, 7, 12, 1, 7
2022/4/23, 112, 7, 10, 1, 5
2022/4/24, 114, 7, 17, 1, 8
2022/4/25, 150, 7, 11, 1, 6
2022/4/26, 121, 6, 13, 1, 8
2022/4/27, 145, 7, 10, 1, 5
2022/4/28, 140, 7, 15, 1, 8
2022/4/29, 134, 7, 20, 1, 13
2022/4/30, 146, 8, 20, 1, 14
2022/5/1, 138, 7, 12, 1, 5
2022/5/2, 103, 6, 12, 1, 7
2022/5/3, 144, 5, 13, 1, 4
2022/5/4, 120, 7, 13, 1, 7
2022/5/5, 135, 7, 12, 1, 7
2022/5/6, 133, 7, 12, 1, 6
2022/5/7, 126, 6, 10, 1, 6
2022/5/8, 138, 7, 12, 1, 5
2022/5/9, 149, 6, 22, 3, 5
2022/5/10, 143, 7, 19, 2, 3
2022/5/11, 104, 6, 10, 1, 4
2022/5/12, 78, 7, 21, 2, 4
2022/5/13, 115, 7, 9, 1, 4
2022/5/14, 120, 7, 9, 1, 5
2022/5/15, 130, 6, 9, 1, 4
2022/5/16, 118, 6, 15, 1, 4
2022/5/17, 117, 6, 10, 1, 5
2022/5/18, 131, 6, 9, , 3
2022/5/19, 84, 6, 14, 3, 2
2022/5/20, 99, 6, 10, 1, 3
2022/5/21, 134, 6, 8, 1, 2
2022/5/22, 101, 7, 15, 2, 2
2022/5/23, 94, 6, 9, , 3
2022/5/24, 95, 7, 8, 1, 2
2022/5/25, 127, 7, 8, 1, 3
2022/5/26, 119, 7, 8, , 3
2022/5/27, 105, 6, 8, 1, 2
2022/5/28, 91, 8, 8, 1, 3
2022/5/29, 97, 8, 8, 1, 2
2022/5/30, 108, 7, 7, 1, 3
2022/5/31, 105, 7, 8, 1, 3
2022/6/1, 108, 7, 10, 1, 5
2022/6/2, 136, 7, 9, , 4
2022/6/3, 111, 7, 10, 1, 4
2022/6/4, 127, 7, 9, , 6
2022/6/5, 125, 6, 8, 1, 3
2022/6/6, 105, 6, 7, 1, 3
2022/6/7, 104, 5, 8, , 3
2022/6/8, 108, 6, 7, 1, 2
2022/6/9, 87, 5, 7, 1, 2
2022/6/10, 67, 5, 7, 1, 2
2022/6/11, 59, 5, 10, , 2
2022/6/12, 62, 6, 9, 1, 2
2022/6/13, 65, 5, 8, , 3
2022/6/14, 76, 6, 7, 1, 3
2022/6/15, 76, 5, 9, 1, 3
2022/6/16, 89, 5, 8, 1, 4
2022/6/17, 91, 5, 8, , 4
2022/6/18, 87, 5, 7, 1, 3
2022/6/19, 72, 3, 9, , 2
2022/6/20, 55, 5, 7, 1, 
2022/6/21, 61, 6, 7, , 
2022/6/22, 61, 7, 8, 1, 
2022/6/23, 63, 7, 7, , 
2022/6/24, 59, 7, 7, , 
2022/6/25, 55, 6, 8, , 
2022/6/26, 65, 6, 7, 1, 
2022/6/27, 67, 7, 6, 1, 
2022/6/28, 64, 6, 7, 1, 
2022/6/29, 78, 7, 8, 1, 3
2022/6/30, 77, 8, 7, 2, 4
2022/1/3, 162, 3, 11, 1, 6
2022/1/4, 166, 3, 11, 1, 6
2022/1/5, 162, 3, 14, 3, 5
2022/1/6, 140, 3, 13, 2, 5
2022/1/7, 119, 3, 9, 1, 4
2022/1/8, 101, 3, 9, 1, 5
2022/1/9, 108, 3, 10, 1, 5
2022/1/10, 108, 3, 11, , 4
2022/1/11, 107, 3, 10, 1, 5
2022/1/12, 101, 2, 13, 2, 3
2022/1/13, 95, 3, 11, 1, 3
2022/1/14, 101, 3, 9, 1, 3
2022/1/15, 98, 3, 9, 1, 4
2022/1/16, 125, 3, 9, 1, 4
2022/1/17, 117, 2, 15, 3, 4
2022/1/18, 153, 2, 19, 4, 7
2022/1/19, 171, 3, 13, 2, 6
2022/1/20, 157, 4, 11, , 6
2022/1/21, 145, 4, 13, 1, 7
2022/1/22, 142, 4, 10, 1, 5
2022/1/23, 113, 4, 10, 1, 4
2022/1/24, 164, 4, 11, 1, 3
2022/1/25, 195, 4, 9, 1, 4
2022/1/26, 170, 4, 10, , 4
2022/1/27, 159, 4, 9, 1, 4
2022/1/28, 135, 4, 15, 2, 4
2022/1/29, 133, 4, 12, 1, 7
2022/1/30, 172, 5, 14, 1, 9
2022/1/31, 176, 5, 15, 2, 10
2022/2/1, 179, 4, 14, 1, 9
2022/2/2, 172, 3, 11, 1, 6
2022/2/3, 152, 4, 10, 1, 4
2022/2/4, 134, 5, 12, 1, 5
2022/2/5, 160, 4, 10, 1, 5
2022/2/6, 146, 4, 11, 1, 6
2022/2/7, 152, 3, 14, 1, 5
2022/2/8, 153, 4, 10, , 5
2022/2/9, 136, 3, 21, 3, 4
2022/2/10, 147, 3, 11, 1, 4
2022/2/11, 160, 5, 13, 1, 4
2022/2/12, 146, 5, 10, 1, 7
2022/2/13, 149, 6, 10, 1, 6
2022/2/14, 157, 4, 9, 1, 4
2022/2/15, 153, 4, 9, 1, 5
2022/2/16, 150, 5, 8, 1, 4
2022/2/17, 141, 4, 9, 1, 4
2022/2/18, 139, 5, 9, 1, 4
2022/2/19, 131, 5, 9, 1, 5
2022/2/20, 139, 5, 13, 1, 9
2022/2/21, 152, 3, 14, 1, 7
2022/2/22, 152, 4, 9, 1, 4
2022/2/23, 133, 5, 8, , 4
2022/2/24, 109, 4, 8, , 4
2022/2/25, 101, 5, 8, 1, 4
2022/2/26, 91, 4, 7, 1, 4
2022/2/27, 73, 5, 8, , 4
2022/2/28, 79, 5, 7, 1, 4
2022/3/1, 87, 5, 8, 1, 5
2022/3/2, 99, 6, 9, 1, 6
2022/3/3, 119, 5, 9, 1, 5
2022/3/4, 111, 5, 9, 1, 5
2022/3/5, 118, 5, 8, 1, 6
2022/3/6, 123, 6, 14, 2, 4
2022/3/7, 109, 7, 9, 1, 5
2022/3/8, 137, 6, 19, 2, 6
2022/3/9, 156, 5, 14, 1, 7
2022/3/10, 164, 6, 10, 1, 5
2022/3/11, 157, 5, 10, , 6
2022/3/12, 161, 5, 14, 1, 9
2022/3/13, 178, 8, 11, 1, 6
2022/3/14, 142, 8, 19, 2, 8
2022/3/15, 154, 6, 22, 2, 11
2022/3/16, 149, 9, 24, 2, 15
2022/3/17, 153, 7, 18, 1, 13
2022/3/18, 162, 5, 11, 1, 6
2022/3/19, 141, 5, 10, 1, 7
2022/3/20, 144, 5, 21, 2, 7
2022/3/21, 151, 4, 12, 5, 6
2022/3/22, 169, 5, 11, 5, 7
2022/3/23, 159, 6, 9, 5, 5
2022/3/24, 158, 6, 9, 5, 4
2022/3/25, 155, 7, 9, 6, 5
2022/3/26, 150, 6, 9, 1, 6
2022/3/27, 153, 7, 10, 1, 7
2022/3/28, 155, 7, 10, 1, 7
2022/3/29, 155, 8, 11, 1, 7
2022/3/30, 154, 8, 10, 1, 7
2022/3/31, 152, 6, 9, 1, 6
2021/10/1, 96, 5, 7, 4, 4
2021/10/2, 57, 5, 11, 1, 7
2021/10/3, 55, 7, 12, 4, 6
2021/10/4, 72, 6, 12, 4, 10
2021/10/5, 96, 3, 5, 5, 2
2021/10/6, 55, 3, 9, 4, 5
2021/10/7, 62, 7, 13, 5, 6
2021/10/8, 88, 8, 12, 4, 5
2021/10/9, 76, 11, 11, 5, 6
2021/10/10, 101, 18, 18, 2, 6
2021/10/11, 124, 19, 23, 9, 6
2021/10/12, 151, 16, 21, 9, 6
2021/10/13, 163, 18, 16, 10, 6
2021/10/14, 150, , , , 
2021/10/16, 96, 10, 8, 6, 6
2021/10/17, 83, 19, 12, 9, 5
2021/10/18, 135, 16, 13, 8, 5
2021/10/19, 138, 20, 20, 15, 7
2021/10/20, 153, 20, 22, 7, 5
2021/10/21, 142, 19, 19, 11, 6
2021/10/22, 148, 24, 22, 9, 
2021/10/23, 146, 20, 24, 9, 
2021/10/24, 153, 20, 22, 9, 
2021/10/25, 154, 18, 18, 14, 
2021/10/26, 159, 22, 22, 13, 
2021/10/27, 159, 18, 16, 17, 
2021/10/28, 159, 15, 12, 8, 
2021/10/29, 154, 11, 10, 8, 
2021/10/30, 151, 17, 10, 7, 
2021/10/31, 153, 19, 17, 11, 
2021/11/1, 154, 9, 12, 6, 1
2021/11/2, 116, 4, 12, 5, 5
2021/11/3, 76, 6, 11, 4, 5
2021/11/4, 76, 7, 10, 2, 6
2021/11/5, 128, 13, 8, 6, 5
2021/11/6, 136, 15, 10, 3, 7
2021/11/7, 157, 22, 13, 11, 5
2021/11/8, 151, 25, 24, 15, 8
2021/11/9, 176, 28, 15, 14, 7
2021/11/10, 173, 22, 14, 11, 7
2021/11/11, 170, 17, 11, 9, 7
2021/11/12, 142, 3, 8, 6, 5
2021/11/13, 69, 5, 10, 4, 8
2021/11/14, 72, 3, 8, 4, 5
2021/11/15, 64, 3, 8, 4, 5
2021/11/16, 58, 3, 11, 1, 6
2021/11/17, 61, 5, 12, 4, 6
2021/11/18, 102, 4, 7, 4, 3
2021/11/19, 75, 4, 8, 3, 4
2021/11/20, 56, 3, 9, 4, 5
2021/11/21, 60, 4, 11, 11, 7
2021/11/22, 71, 7, 13, 6, 6
2021/11/23, 102, 9, 12, 5, 5
2021/11/24, 119, 15, 14, 6, 5
2021/11/25, 142, 15, 18, 3, 5
2021/11/26, 152, 3, 12, 5, 6
2021/11/27, 154, 3, 9, 1, 8
2021/11/28, 157, 3, 14, 3, 6
2021/11/29, 164, 3, 12, 1, 6
2021/11/30, 151, 3, 10, 1, 7
2021/12/1, 160, 6, 10, 1, 7
2021/12/2, 168, 3, 9, 1, 6
2021/12/3, 169, 3, 10, 1, 6
2021/12/4, 170, 3, 10, 1, 7
2021/12/5, 166, 3, 12, 1, 6
2021/12/6, 139, 3, 10, 1, 4
2021/12/7, 126, 3, 9, 1, 5
2021/12/8, 147, 3, 9, 1, 4
2021/12/9, 137, 2, 9, 1, 5
2021/12/10, 115, 3, 9, , 5
2021/12/11, 144, 3, 8, 1, 5
2021/12/12, 154, 3, 10, 1, 6
2021/12/13, 156, 3, 9, , 6
2021/12/14, 163, 3, 10, 1, 5
2021/12/15, 175, 3, 10, 1, 6
2021/12/16, 172, 4, 11, 1, 9
2021/12/17, 175, 4, 12, 1, 6
2021/12/18, 169, 3, 10, 1, 6
2021/12/19, 176, 3, 23, 5, 5
2021/12/20, 174, 4, 14, 1, 7
2021/12/21, 165, 3, 14, 1, 8
2021/12/22, 152, 4, 17, 2, 14
2021/12/23, 197, 3, 16, 2, 14
2021/12/24, 195, 3, 14, 1, 9
2021/12/25, 184, 3, 13, 1, 11
2021/12/26, 181, 3, 11, 1, 6
2021/12/27, 163, 3, 11, 1, 5
2021/12/28, 150, 3, 11, 1, 5
2021/12/29, 137, 3, 11, 1, 5
2021/12/30, 143, 3, 11, 1, 5
2021/12/31, 155, 3, 9, , 6
2022/1/1, 157, 5, 10, 1, 5
2022/1/2, 161, 3, 11, 1, 6
2021/7/1, 63, 4, 8, 4, 3
2021/7/2, 65, 6, 9, 5, 3
2021/7/3, 70, 7, 11, 5, 5
2021/7/4, 89, 7, 12, 4, 4
2021/7/5, 93, 6, 14, 5, 4
2021/7/6, 92, 9, 11, 5, 4
2021/7/7, 86, 5, 9, 4, 3
2021/7/8, 73, 5, 8, 4, 3
2021/7/9, 57, 5, 7, 8, 2
2021/7/10, 58, 3, 8, 9, 3
2021/7/11, 66, 3, 7, 12, 3
2021/7/12, 43, 3, 7, 1, 3
2021/7/13, 44, 3, 8, 1, 3
2021/7/14, 47, 4, 6, 16, 3
2021/7/15, 42, 4, 7, 16, 3
2021/7/16, 50, 6, 8, 15, 3
2021/7/17, 55, 3, 12, 16, 5
2021/7/18, 63, 3, 7, 6, 2
2021/7/19, 51, 4, 6, 6, 2
2021/7/20, 51, 3, 7, 6, 3
2021/7/21, 65, 4, 6, 5, 3
2021/7/22, 48, 5, 8, 6, 3
2021/7/23, 60, 4, 9, 7, 3
2021/7/24, 67, 3, 6, 5, 3
2021/7/25, 58, 4, 6, 6, 3
2021/7/26, 57, 5, 6, 8, 2
2021/7/27, 59, 5, 6, 9, 3
2021/7/28, 62, 4, 7, 10, 2
2021/7/29, 65, 5, 7, 10, 2
2021/7/30, 70, 5, 7, 8, 2
2021/7/31, 63, 4, 6, 10, 2
2021/8/1, 63, 5, 6, 11, 2
2021/8/2, 61, 4, 7, 10, 2
2021/8/3, 60, 4, 6, 4, 3
2021/8/4, 55, 3, 8, 10, 3
2021/8/5, 71, 4, 9, 9, 4
2021/8/6, 78, 7, 10, 8, 3
2021/8/7, 79, 8, 10, 5, 4
2021/8/8, 92, 6, 11, 7, 3
2021/8/9, 80, 6, 10, 6, 4
2021/8/10, 87, 6, 8, 5, 2
2021/8/11, 72, 7, 10, 6, 3
2021/8/12, 80, 5, 7, 5, 3
2021/8/13, 70, 8, 8, 5, 3
2021/8/14, 70, 6, 5, 5, 3
2021/8/15, 56, 4, 6, 5, 3
2021/8/16, 60, 4, 8, 4, 3
2021/8/17, 69, 4, 9, 5, 4
2021/8/18, 75, 4, 6, 6, 3
2021/8/19, 60, 4, 10, 5, 5
2021/8/20, 69, 3, 9, 5, 4
2021/8/21, 68, 8, 8, 5, 3
2021/8/22, 62, 7, 11, 5, 5
2021/8/23, 78, 8, 14, 5, 7
2021/8/24, 108, 6, 10, 5, 4
2021/8/25, 142, 6, 10, 5, 4
2021/8/26, 60, 4, 11, 5, 5
2021/8/27, 83, 4, 9, 8, 3
2021/8/28, 67, , , , 
2021/8/30, 87, 4, 9, 1, 4
2021/8/31, 71, 6, 9, 4, 4
2021/9/1, 66, 7, 9, 5, 3
2021/9/2, 76, 4, 9, 5, 4
2021/9/3, 63, 5, 8, 7, 4
2021/9/4, 57, 6, 7, 2, 3
2021/9/5, 45, 5, 6, 5, 3
2021/9/6, 50, 3, 7, 16, 4
2021/9/7, 54, 5, 3, 9, 2
2021/9/8, 36, 4, 8, 8, 3
2021/9/9, 60, 5, 7, 11, 3
2021/9/10, 72, 4, 7, 4, 3
2021/9/11, 55, 5, 7, 8, 4
2021/9/12, 55, 5, 6, 5, 3
2021/9/13, 40, 5, 7, 5, 3
2021/9/14, 59, 7, 6, 4, 3
2021/9/15, 69, 6, 8, 6, 3
2021/9/16, 71, 7, 8, 8, 3
2021/9/17, 74, 8, 11, 5, 3
2021/9/18, 73, 10, 12, 5, 6
2021/9/19, 98, 7, 10, 5, 4
2021/9/20, 72, 6, 7, 5, 3
2021/9/21, 51, 4, 8, 5, 4
2021/9/22, 54, 5, 8, 4, 3
2021/9/23, 52, 8, 10, 5, 6
2021/9/24, 62, 7, 8, 5, 4
2021/9/25, 58, 6, 7, 4, 5
2021/9/26, 57, 5, 7, 4, 5
2021/9/27, 69, 4, 5, 5, 5
2021/9/28, 49, 4, 13, 7, 10
2021/9/29, 69, 5, 11, 6, 7
2021/9/30, 70, 6, 11, 6, 8
2021/4/1, 155, 16, 27, 11, 8
2021/4/2, 161, 22, 26, 8, 7
2021/4/3, 157, 21, 18, 8, 7
2021/4/4, 160, 15, 15, 5, 5
2021/4/5, 157, 19, 12, 5, 6
2021/4/6, 149, 21, 14, 13, 5
2021/4/7, 141, 17, 20, 7, 7
2021/4/8, 148, 17, 16, 8, 5
2021/4/9, 152, 15, 9, 6, 4
2021/4/10, 118, 13, 9, 5, 4
2021/4/11, 89, 13, 17, 6, 5
2021/4/12, 119, 15, 9, 5, 4
2021/4/13, 101, 17, 13, 5, 4
2021/4/14, 89, 19, 16, 5, 5
2021/4/15, 112, 19, 16, 6, 5
2021/4/16, 118, 19, 15, 6, 5
2021/4/17, 129, 17, 19, 6, 6
2021/4/18, 139, 16, 23, 6, 8
2021/4/19, 144, 17, 16, 6, 4
2021/4/20, 141, 17, 13, 5, 4
2021/4/21, 135, 17, 9, 5, 3
2021/4/22, 120, 16, 10, 1, 3
2021/4/23, 109, 18, 14, 5, 4
2021/4/24, 126, 18, 11, 5, 4
2021/4/25, 142, 21, 12, 6, 4
2021/4/26, 108, 21, 13, 7, 4
2021/4/27, 113, 21, 18, 7, 6
2021/4/28, 118, 19, 17, 8, 5
2021/4/29, 134, 19, 11, 6, 4
2021/4/30, 115, 14, 12, 6, 4
2021/5/1, 130, 13, 8, 5, 4
2021/5/2, 94, 11, 15, 7, 5
2021/5/3, 107, 11, 21, 6, 8
2021/5/4, 117, 13, 16, 6, 4
2021/5/5, 96, 11, 10, 4, 4
2021/5/6, 78, 10, 9, 6, 4
2021/5/7, 73, 9, 8, 5, 3
2021/5/8, 70, 11, 7, 5, 4
2021/5/9, 62, 11, 9, 5, 4
2021/5/10, 78, 14, 7, 5, 4
2021/5/11, 79, 16, 5, 4, 3
2021/5/12, 82, 14, 7, 5, 4
2021/5/13, 87, 13, 7, 5, 4
2021/5/14, 91, 6, 5, 4, 2
2021/5/15, 49, 6, 5, 5, 3
2021/5/16, 62, 9, 5, 4, 3
2021/5/17, 63, 8, 6, 4, 3
2021/5/18, 66, 8, 5, 4, 3
2021/5/19, 54, 8, 6, 4, 3
2021/5/20, 64, 17, 7, 5, 3
2021/5/21, 89, 17, 6, 4, 3
2021/5/22, 94, 19, 6, 5, 3
2021/5/23, 108, 16, 8, 6, 3
2021/5/24, 99, 21, 9, 7, 3
2021/5/25, 102, 15, 8, 7, 3
2021/5/26, 96, 12, 6, 6, 3
2021/5/27, 76, 12, 7, 4, 2
2021/5/28, 76, 13, 7, 2, 3
2021/5/29, 77, 17, 7, 5, 3
2021/5/30, 88, 14, 8, 6, 3
2021/5/31, 75, 11, 7, 5, 2
2021/6/1, 66, 12, 11, 5, 3
2021/6/2, 82, 13, 10, 5, 4
2021/6/3, 80, 9, 10, 5, 3
2021/6/4, 78, 10, 8, 5, 4
2021/6/5, 71, 10, 6, 5, 3
2021/6/6, 61, 9, 7, 5, 2
2021/6/7, 63, 9, 7, 6, 2
2021/6/8, 66, 6, 6, 5, 2
2021/6/9, 57, 6, 7, 6, 2
2021/6/10, 54, 5, 7, 5, 3
2021/6/11, 58, 7, 7, 6, 2
2021/6/12, 48, 10, 6, 5, 2
2021/6/13, 50, 7, 6, 4, 3
2021/6/14, 53, 6, 6, 4, 2
2021/6/15, 50, 6, 5, 4, 3
2021/6/16, 44, 8, 6, 4, 2
2021/6/17, 54, 5, 5, 4, 2
2021/6/18, 68, 7, 5, 4, 3
2021/6/19, 61, 9, 6, 5, 2
2021/6/20, 77, 7, 8, 5, 3
2021/6/21, 117, 9, 9, 6, 3
2021/6/22, 110, 7, 10, 5, 3
2021/6/23, 102, 8, 7, 5, 3
2021/6/24, 79, 7, 8, 4, 2
2021/6/25, 69, 7, 8, 1, 2
2021/6/26, 71, 5, 7, 5, 3
2021/6/27, 67, 10, 9, 4, 3
2021/6/28, 81, 11, 12, 5, 4
2021/6/29, 89, 7, 10, 6, 4
2021/6/30, 68, 6, 9, 4, 3
2021/1/4, 158, 14, 14, 4, 4
2021/1/5, 138, 9, 16, 4, 6
2021/1/6, 145, 15, 18, 5, 6
2021/1/7, 144, 11, 15, 4, 5
2021/1/8, 141, 13, 13, 4, 4
2021/1/9, 112, 17, 19, 6, 6
2021/1/10, 139, 17, 34, 9, 10
2021/1/11, 176, 15, 36, 8, 12
2021/1/12, 193, 17, 25, 7, 7
2021/1/13, 181, 16, 15, 6, 5
2021/1/14, 170, 16, 17, 8, 8
2021/1/15, 175, 15, 18, 5, 5
2021/1/16, 165, 15, 17, 6, 5
2021/1/17, 154, 14, 14, 5, 5
2021/1/18, 142, 15, 22, 5, 6
2021/1/19, 157, 19, 25, 6, 7
2021/1/20, 152, 20, 25, 6, 8
2021/1/21, 151, 17, 24, 5, 8
2021/1/22, 162, 20, 18, 4, 6
2021/1/23, 162, 23, 15, 6, 6
2021/1/24, 155, 22, 18, 4, 5
2021/1/25, 153, 20, 14, 5, 3
2021/1/26, 148, 17, 15, 5, 5
2021/1/27, 152, 15, 13, 5, 5
2021/1/28, 157, 16, 16, 4, 5
2021/1/29, 150, 18, 19, 4, 6
2021/1/30, 159, 15, 14, 5, 4
2021/1/31, 162, 15, 15, 6, 5
2021/2/1, 163, 16, 22, 7, 6
2021/2/2, 151, 16, 28, 7, 8
2021/2/3, 186, 17, 26, 10, 8
2021/2/4, 123, 20, 25, 7, 6
2021/2/5, 144, 19, 21, 6, 5
2021/2/6, 143, 19, 22, 13, 7
2021/2/7, 171, 19, 17, 10, 5
2021/2/8, 147, 25, 35, 12, 8
2021/2/9, 175, 24, 30, 11, 7
2021/2/10, 156, 18, 24, 7, 7
2021/2/11, 161, 18, 16, 5, 5
2021/2/12, 140, 16, 22, 7, 5
2021/2/13, 150, 17, 20, 6, 6
2021/2/14, 142, 17, 20, 6, 6
2021/2/15, 137, 16, 17, 5, 5
2021/2/16, 147, 17, 15, 6, 4
2021/2/17, 149, 15, 11, 6, 3
2021/2/18, 148, 14, 15, 7, 4
2021/2/19, 153, 14, 16, 8, 5
2021/2/20, 152, 12, 14, 6, 5
2021/2/21, 118, 15, 23, 7, 6
2021/2/22, 151, 20, 35, 9, 7
2021/2/23, 175, 19, 39, 10, 8
2021/2/24, 169, 20, 38, 8, 9
2021/2/25, 165, 19, 36, 17, 9
2021/2/26, 167, 19, 36, 14, 9
2021/2/27, 169, 18, 35, 12, 13
2021/2/28, 185, 17, 25, 9, 7
2021/3/1, 161, 18, 20, 6, 7
2021/3/2, 152, 18, 25, 10, 7
2021/3/3, 155, 17, 30, 9, 8
2021/3/4, 167, 19, 22, 6, 5
2021/3/5, 131, 19, 13, 7, 4
2021/3/6, 127, 20, 28, 2, 5
2021/3/7, 146, 17, 18, 8, 6
2021/3/8, 157, 17, 16, 7, 5
2021/3/9, 134, 16, 18, 2, 5
2021/3/10, 122, 13, 15, 2, 4
2021/3/11, 102, 14, 13, 1, 4
2021/3/12, 91, 14, 16, 3, 5
2021/3/13, 91, 16, 20, 8, 6
2021/3/14, 126, 17, 28, 4, 7
2021/3/15, 163, 17, 13, 3, 7
2021/3/16, 153, 16, 24, 3, 8
2021/3/17, 157, 17, 16, 6, 5
2021/3/18, 152, 16, 15, 5, 5
2021/3/19, 123, 16, 16, 7, 5
2021/3/20, 142, 17, 14, 8, 6
2021/3/21, 146, 18, 28, 8, 9
2021/3/22, 179, 18, 10, 9, 5
2021/3/23, 151, 18, 17, 19, 7
2021/3/24, 156, 18, 31, 12, 7
2021/3/25, 174, 18, 26, 12, 8
2021/3/26, 172, 20, 26, 16, 9
2021/3/27, 172, 19, 20, 10, 6
2021/3/28, 158, 20, 13, 7, 6
2021/3/29, 158, 18, 19, 11, 7
2021/3/30, 163, 17, 23, 10, 7
2021/3/31, 145, 14, 23, 11, 9
2020/10/1, 6, 22, 9, 2, 4
2020/10/2, 6, 21, 11, 2, 3
2020/10/3, 6, 22, 11, 2, 4
2020/10/4, 5, 20, 9, 1, 3
2020/10/5, 6, 26, 10, 2, 3
2020/10/6, 6, 19, 11, 3, 4
2020/10/7, 5, 21, 11, 2, 4
2020/10/8, 68, 20, 12, , 5
2020/10/9, 127, 17, 17, 1, 7
2020/10/10, 117, 9, 9, , 4
2020/10/11, 79, 7, 13, , 4
2020/10/12, 87, 8, 9, , 4
2020/10/13, 74, 6, 13, 2, 4
2020/10/14, 57, 12, 11, , 5
2020/10/15, 84, 16, 12, , 5
2020/10/16, 84, 23, 11, 1, 3
2020/10/17, 87, 22, 14, 2, 6
2020/10/18, 105, 11, 19, 2, 9
2020/10/19, 126, 11, 18, 3, 7
2020/10/20, 131, 14, 17, 2, 5
2020/10/21, 140, 27, 22, 8, 6
2020/10/22, 171, 32, 25, 7, 8
2020/10/23, 167, 37, 23, 4, 8
2020/10/24, 163, 27, 17, 1, 6
2020/10/25, 156, 27, 15, 4, 5
2020/10/26, 146, 28, 19, 7, 5
2020/10/27, 155, 27, 20, 7, 5
2020/10/28, 150, 27, 26, 6, 5
2020/10/29, 166, 31, 17, 12, 4
2020/10/30, 166, 31, 20, 9, 5
2020/10/31, 169, 36, 20, 11, 5
2020/11/1, 169, 31, 19, 13, 5
2020/11/2, 168, 31, 23, 13, 5
2020/11/3, 172, 31, 32, 12, 5
2020/11/4, 165, 32, 30, 27, 5
2020/11/5, 165, 23, 22, 13, 5
2020/11/6, 162, 25, 11, 6, 4
2020/11/7, 162, 30, 12, 14, 3
2020/11/8, 150, 34, 25, 21, 5
2020/11/9, 170, 31, 23, 13, 6
2020/11/10, 171, 23, 23, 14, 5
2020/11/11, 150, 10, 11, 2, 4
2020/11/12, 85, 12, 14, 2, 5
2020/11/13, 92, 18, 15, 5, 4
2020/11/14, 167, 18, 9, 3, 4
2020/11/15, 135, 16, 10, 2, 4
2020/11/16, 120, 18, 15, 2, 5
2020/11/17, 123, 12, 13, 1, 4
2020/11/18, 100, 12, 11, 1, 4
2020/11/19, 78, 21, 14, 1, 4
2020/11/20, 79, 21, 20, 4, 6
2020/11/21, 106, 20, 15, 6, 4
2020/11/22, 145, 22, 15, 7, 4
2020/11/23, 145, 20, 23, 9, 4
2020/11/24, 147, 17, 15, 9, 4
2020/11/25, 128, 11, 9, 10, 3
2020/11/26, 99, 8, 9, 2, 5
2020/11/27, 123, 8, 11, 6, 6
2020/11/28, 112, 11, 14, 6, 8
2020/11/29, 117, 20, 22, 6, 7
2020/11/30, 146, 22, 19, 7, 7
2020/12/1, 156, 22, 22, 12, 8
2020/12/2, 157, 17, 21, 10, 6
2020/12/3, 163, 16, 24, 7, 7
2020/12/4, 149, 20, 27, 12, 8
2020/12/5, 154, 18, 27, 8, 9
2020/12/6, 148, 16, 21, 7, 6
2020/12/7, 142, 14, 26, 5, 8
2020/12/8, 137, 19, 33, 6, 10
2020/12/9, 156, 19, 24, 5, 7
2020/12/10, 154, 20, 19, 2, 6
2020/12/11, 135, 19, 17, 3, 6
2020/12/12, 157, 20, 16, 3, 6
2020/12/13, 161, 18, 12, 2, 5
2020/12/14, 147, 15, 16, 2, 6
2020/12/15, 152, 16, 17, 3, 6
2020/12/16, 162, 17, 26, 3, 7
2020/12/17, 156, 17, 19, 3, 6
2020/12/18, 171, 19, 19, 5, 5
2020/12/19, 169, 21, 16, 8, 5
2020/12/20, 158, 24, 25, 15, 7
2020/12/21, 144, 23, 33, 14, 8
2020/12/22, 161, 24, 32, 10, 7
2020/12/23, 177, 21, 21, 7, 6
2020/12/24, 168, 21, 25, 7, 8
2020/12/25, 196, 23, 31, 9, 10
2020/12/26, 210, 23, 32, 10, 10
2020/12/27, 210, 21, 30, 9, 9
2020/12/28, 195, 20, 21, 7, 7
2020/12/29, 182, 19, 15, 7, 5
2020/12/30, 178, 17, 15, 5, 5
2020/12/31, 179, 19, 14, 5, 6
2021/1/1, 184, 20, 17, 6, 6
2021/1/2, 178, 18, 17, 5, 7
2021/1/3, 180, 18, 17, 10, 5
2020/7/1, 54, 10, 7, 3, 2
2020/7/2, 53, 9, 6, 3, 2
2020/7/3, 44, 6, 6, 3, 2
2020/7/4, 55, 7, 6, 3, 2
2020/7/5, 58, 6, 5, 3, 1
2020/7/6, 63, 8, 4, 4, 2
2020/7/7, 53, 9, 4, 4, 2
2020/7/8, 40, 8, 6, 3, 4
2020/7/9, 57, 8, 7, 3, 2
2020/7/10, 62, 6, 7, 3, 3
2020/7/11, 65, 8, 5, 3, 3
2020/7/12, 64, 8, 6, 3, 5
2020/7/13, 65, 6, , 3, 3
2020/7/14, 59, 4, , 3, 3
2020/7/15, 47, 7, , 4, 2
2020/7/16, 41, 7, 3, 4, 3
2020/7/17, 46, 8, 5, 4, 3
2020/7/18, 58, 7, 4, 3, 2
2020/7/19, 61, 9, 5, 3, 3
2020/7/20, 57, 11, 5, 3, 3
2020/7/21, 56, 9, 7, 3, 4
2020/7/22, 67, 4, 8, 3, 4
2020/7/23, 69, 9, 8, 3, 3
2020/7/24, 68, 8, 12, 3, 5
2020/7/25, 70, 2, 12, 4, 5
2020/7/29, 73, 12, 11, 3, 5
2020/7/30, 79, 7, 13, 3, 5
2020/7/31, 80, 9, 11, 3, 8
2020/8/1, 96, 7, 5, 3, 3
2020/8/2, 55, 6, 4, 3, 2
2020/8/3, 44, 6, 3, 4, 2
2020/8/4, 42, 7, 2, 4, 2
2020/8/5, 38, 6, 4, 4, 3
2020/8/6, 50, 5, 4, 4, 3
2020/8/7, 46, 7, 5, 3, 1
2020/8/8, 52, 7, 4, 3, 1
2020/8/9, 56, 4, 5, 4, 2
2020/8/10, 62, 7, 4, 3, 2
2020/8/11, 49, 5, 5, 3, 2
2020/8/12, 59, 3, 6, 4, 3
2020/8/13, 51, 4, 4, 4, 2
2020/8/14, 56, 5, 2, 4, 2
2020/8/15, 46, 6, 2, 4, 3
2020/8/16, 34, 4, 5, 4, 3
2020/8/17, 47, 5, 4, 2, 2
2020/8/18, 31, 3, 7, , 4
2020/8/19, 5, 3, 5, , 3
2020/8/20, 6, 4, 3, 5, 3
2020/8/21, 8, 7, 3, , 3
2020/8/22, 8, 7, 3, , 2
2020/8/23, 7, 7, 4, , 2
2020/8/24, 6, 9, 8, 3, 3
2020/8/25, 5, 8, 6, 1, 3
2020/8/26, 5, 5, 6, 1, 3
2020/8/27, 5, 6, 5, 1, 2
2020/8/28, 7, 8, 5, 1, 3
2020/8/29, 7, 9, 5, , 3
2020/8/30, 6, 10, 7, 4, 2
2020/8/31, 5, 9, 8, 4, 3
2020/9/1, 5, 10, 6, 2, 3
2020/9/2, 7, 10, 6, 1, 5
2020/9/3, 3, 9, 7, 1, 4
2020/9/4, 3, 10, 7, , 3
2020/9/5, 3, 15, 6, , 3
2020/9/6, 3, 13, 6, , 3
2020/9/7, 4, 18, 9, 1, 2
2020/9/8, 4, 18, 11, 1, 4
2020/9/9, 4, 15, 11, 1, 4
2020/9/10, 4, 5, 12, 3, 3
2020/9/11, 4, 10, 7, , 3
2020/9/12, 5, 8, 6, 1, 1
2020/9/13, 6, 6, 8, , 2
2020/9/14, 7, 8, 6, , 2
2020/9/15, 5, 11, 8, , 3
2020/9/16, 5, 8, 9, , 3
2020/9/17, 5, 10, 8, , 3
2020/9/18, 4, 9, 10, 1, 4
2020/9/19, 4, 14, 6, , 2
2020/9/20, 5, 11, 5, , 3
2020/9/21, 8, 12, 5, , 3
2020/9/22, 8, 8, 5, , 3
2020/9/23, 8, 8, 5, , 3
2020/9/24, 7, 9, 7, , 3
2020/9/25, 6, 7, 7, , 2
2020/9/26, 5, 14, 8, 2, 2
2020/9/27, 5, 11, 13, 1, 4
2020/9/28, 4, 12, 13, 1, 4
2020/9/29, 5, 13, 12, 1, 3
2020/9/30, 6, 16, 11, , 3
2020/4/10, 77, 26, 2, 3, 3
2020/4/11, 84, 23, 3, 4, 5
2020/4/12, 143, 27, 5, , 2
2020/4/13, 108, 29, 2, , 4
2020/4/14, 108, 30, 2, , 2
2020/4/15, 107, 27, 2, , 3
2020/4/16, 112, 28, 2, , 3
2020/4/17, 111, 25, 2, , 3
2020/4/18, 105, 23, 3, , 4
2020/4/19, 92, 22, 1, , 2
2020/4/20, 85, 23, 3, , 3
2020/4/21, 85, 23, 3, , 3
2020/4/22, 85, 25, 2, , 3
2020/4/23, 89, 30, 1, , 2
2020/4/24, 94, 24, 2, , 3
2020/4/25, 97, 25, 2, , 4
2020/4/26, 89, 25, 1, , 2
2020/4/27, 79, 30, 1, , 2
2020/4/28, 84, 19, 1, , 4
2020/4/29, 72, 29, 2, , 3
2020/4/30, 83, 30, 3, , 3
2020/5/1, 85, 22, 2, , 3
2020/5/2, 97, 23, 4, , 3
2020/5/3, 105, 31, 3, , 2
2020/5/4, 100, 28, 3, , 3
2020/5/5, 108, 29, 3, , 4
2020/5/6, 87, 26, 3, , 3
2020/5/7, 93, 16, 3, , 4
2020/5/8, 92, 20, 4, , 4
2020/5/9, 85, 26, 2, , 3
2020/5/10, 90, 21, 4, , 4
2020/5/11, 97, 29, 5, , 3
2020/5/12, 104, 23, 8, , 5
2020/5/13, 82, 26, 5, , 3
2020/5/14, 78, 21, 3, 213, 2
2020/5/15, 76, 30, 3, , 3
2020/5/16, 86, 23, 8, , 4
2020/5/17, 90, 29, 11, 1, 3
2020/5/18, 96, 31, 6, 1, 3
2020/5/19, 122, 29, 13, 1, 4
2020/5/20, 104, 30, 13, 3, 2
2020/5/21, 97, 32, 14, 2, 3
2020/5/22, 117, 30, 20, 2, 9
2020/5/23, 126, 36, 16, 2, 4
2020/5/24, 111, 36, 9, 3, 4
2020/5/25, 100, 29, 5, 3, 3
2020/5/26, 101, 27, 7, 3, 4
2020/5/27, 93, 38, 8, 3, 4
2020/5/28, 84, 27, 8, 3, 3
2020/5/29, 77, 25, 7, 3, 3
2020/5/30, 71, 23, 6, 3, 2
2020/5/31, 91, 15, 12, 3, 4
2020/6/1, 88, 27, 16, 2, 4
2020/6/2, 55, 20, 10, 3, 3
2020/6/3, 53, 14, 7, 3, 3
2020/6/4, 54, 16, 6, 3, 3
2020/6/5, 65, 15, 9, 3, 3
2020/6/6, 69, 14, 8, 3, 3
2020/6/7, 66, 14, 5, 3, 2
2020/6/8, 66, 13, 7, 3, 3
2020/6/9, 62, 17, 7, 3, 3
2020/6/10, 69, 13, 8, 3, 3
2020/6/11, 62, 12, 9, 3, 2
2020/6/12, 62, 14, 8, 3, 3
2020/6/13, 46, 10, 6, 4, 3
2020/6/14, 46, 11, 6, 3, 2
2020/6/15, 57, 8, 7, 4, 2
2020/6/16, 47, 7, 5, 4, 3
2020/6/17, 50, 9, 6, 4, 2
2020/6/18, 56, 7, 6, 4, 3
2020/6/19, 64, 8, 7, 3, 2
2020/6/20, 71, 11, 7, 3, 3
2020/6/21, 70, 8, 5, 3, 2
2020/6/22, 71, 10, 7, 3, 2
2020/6/23, 77, 10, 10, 3, 3
2020/6/24, 74, 14, 9, 3, 3
2020/6/25, 71, 14, 11, 3, 3
2020/6/26, 78, 12, 7, 3, 3
2020/6/27, 75, 15, 9, 3, 4
2020/6/28, 59, 18, 10, 3, 4
2020/6/29, 79, 15, 14, 3, 4
2020/6/30, 64, 11, 8, 3, 3
2020/1/1, 121, 13, 15, 9, 7
2020/1/2, 106, 14, 13, 10, 6
2020/1/3, 119, 24, 11, 9, 5
2020/1/4, 149, 29, 9, 16, 5
2020/1/5, 149, 17, 18, 12, 7
2020/1/6, 143, 15, 14, 9, 6
2020/1/7, 129, 16, 12, 10, 5
2020/1/8, 138, 14, 13, 6, 6
2020/1/9, 137, 22, 11, 10, 5
2020/1/10, 163, 25, 17, 13, 6
2020/1/11, 162, , , , 
2020/1/13, 182, 34, , , 
2020/1/16, 117, 17, 17, 7, 5
2020/1/17, 103, 16, 10, 6, 3
2020/1/18, 98, , , , 
2020/1/20, 120, 18, 14, 8, 4
2020/1/21, 112, 20, 17, 12, 5
2020/1/22, 121, 21, 22, 11, 6
2020/1/23, 146, 21, 26, 10, 7
2020/1/24, 153, 31, 23, 14, 5
2020/1/25, 168, , , , 
2020/1/27, 137, 27, 17, 8, 5
2020/1/28, 145, 31, 22, 12, 6
2020/1/29, 165, , , , 
2020/1/31, 153, 17, 13, 7, 5
2020/2/1, 126, 15, 9, 3, 5
2020/2/2, 116, 14, 12, 3, 5
2020/2/3, 122, 18, 12, 4, 4
2020/2/4, 94, 20, 15, 3, 5
2020/2/5, 108, 21, 14, 4, 5
2020/2/6, 107, 19, 8, 4, 4
2020/2/7, 104, 13, 8, 3, 4
2020/2/8, 125, 10, 5, 4, 5
2020/2/9, 123, 15, 8, 3, 5
2020/2/10, 127, 19, 9, 3, 5
2020/2/11, 130, 20, 11, 4, 6
2020/2/12, 148, 31, 14, 7, 5
2020/2/13, 149, 30, 28, 20, 10
2020/2/14, 185, 31, 27, 11, 9
2020/2/15, 174, 29, 21, 9, 7
2020/2/16, 165, 26, 17, 7, 6
2020/2/17, 149, 26, 17, 9, 5
2020/2/18, 124, 27, 18, 8, 6
2020/2/19, 145, 18, 9, 5, 4
2020/2/20, 142, 19, 6, 5, 4
2020/2/21, 113, 20, 7, 6, 4
2020/2/22, 98, 21, 7, 5, 5
2020/2/23, 97, 25, 12, 4, 6
2020/2/24, 109, 26, 7, 2, 4
2020/2/25, 123, 28, 10, 2, 5
2020/2/26, 147, 26, 12, 2, 4
2020/2/27, 122, 25, 11, 3, 5
2020/2/28, 131, 24, 8, 3, 5
2020/2/29, 128, 23, 10, 3, 6
2020/3/1, 128, 29, 14, 2, 6
2020/3/2, 146, 12, 12, 3, 6
2020/3/3, 143, 25, 13, 3, 5
2020/3/4, 128, 35, 14, 3, 6
2020/3/5, 153, 17, 8, 2, 5
2020/3/6, 104, 20, 7, 2, 5
2020/3/7, 112, 16, 5, 3, 5
2020/3/8, 102, 15, 8, 3, 5
2020/3/9, 95, 18, 8, 3, 5
2020/3/10, 86, 19, 8, 3, 5
2020/3/11, 90, 18, 7, 3, 5
2020/3/12, 67, 17, 7, 3, 5
2020/3/13, 84, 19, 8, 3, 4
2020/3/14, 115, 19, 5, 3, 4
2020/3/15, 98, 16, 5, 3, 4
2020/3/16, 93, 16, 8, 3, 4
2020/3/17, 89, 22, 11, 3, 5
2020/3/18, 102, 21, 12, 3, 5
2020/3/19, 125, 24, 9, 3, 4
2020/3/20, 153, 31, 8, 3, 4
2019/10/1, 135, 16, 10, 1, 6
2019/10/2, 109, 19, 16, 2, 9
2019/10/3, 119, 20, 18, 2, 9
2019/10/4, 128, 17, 17, 3, 6
2019/10/5, 131, 19, 16, 2, 7
2019/10/6, 140, 24, 16, 2, 6
2019/10/7, 153, 18, 12, 1, 7
2019/10/8, 153, 18, 15, 1, 7
2019/10/9, 149, 16, 17, 2, 6
2019/10/10, 121, 24, 19, 2, 6
2019/10/11, 131, 21, 19, 2, 8
2019/10/12, 126, 18, 16, 2, 7
2019/10/13, 127, 14, 11, 2, 5
2019/10/14, 145, 13, 10, 2, 5
2019/10/15, 146, , , , 
2019/10/19, 78, 11, 11, 1, 8
2019/10/20, 97, 11, 11, 1, 5
2019/10/21, 86, 12, 16, 3, 7
2019/10/22, 137, 13, 16, 2, 6
2019/10/23, 133, 10, 14, 2, 6
2019/10/24, 106, 12, 14, 2, 6
2019/10/25, 91, 10, 12, 2, 6
2019/10/26, 89, 13, 12, 3, 6
2019/10/27, 177, 14, 12, 4, 5
2019/10/28, 194, 15, 14, 2, 7
2019/10/29, 127, 14, 15, 2, 6
2019/10/30, 130, 11, 9, 2, 5
2019/10/31, 89, 12, 10, 3, 5
2019/11/1, 89, 14, 13, 1, 4
2019/11/2, 108, 21, 11, 2, 3
2019/11/3, 114, 25, 13, 3, 4
2019/11/4, 155, 28, 20, 7, 7
2019/11/5, 183, 24, 22, 5, 10
2019/11/6, 195, 35, 16, 2, 8
2019/11/7, 170, 21, 19, 3, 8
2019/11/8, 200, 32, 20, 4, 7
2019/11/9, 182, 33, 16, 6, 6
2019/11/10, 179, 23, 13, 3, 6
2019/11/11, 132, 27, 11, 4, 4
2019/11/12, 146, 31, 14, 3, 5
2019/11/13, 160, 27, 10, 2, 5
2019/11/14, 157, 24, 15, 7, 7
2019/11/15, 164, 25, 13, 3, 6
2019/11/16, 153, , , , 
2019/11/18, 164, 38, 15, 8, 6
2019/11/19, 176, 29, 16, 7, 7
2019/11/20, 178, 24, 18, 8, 8
2019/11/21, 171, 29, 21, 10, 8
2019/11/22, 169, 25, 27, 17, 9
2019/11/23, 173, 29, 21, 11, 8
2019/11/24, 175, 27, 19, 11, 7
2019/11/25, 181, 25, 19, 14, 7
2019/11/26, 176, 26, 18, 10, 7
2019/11/27, 159, 23, 19, 8, 7
2019/11/28, 167, 24, 19, 6, 7
2019/11/29, 156, 24, 18, 9, 7
2019/11/30, 155, 17, 17, 9, 7
2019/12/1, 158, 15, 13, 9, 5
2019/12/2, 129, 18, 18, 9, 8
2019/12/3, 133, 23, 21, 6, 8
2019/12/4, 174, 28, 20, 10, 8
2019/12/5, 180, 30, 21, 10, 7
2019/12/6, 182, 31, 21, 10, 7
2019/12/7, 180, 24, 20, 9, 8
2019/12/8, 165, 20, 20, 9, 8
2019/12/9, 157, 26, 21, 10, 8
2019/12/10, 154, 30, 23, 10, 9
2019/12/11, 164, 22, 22, 9, 7
2019/12/12, 151, 24, 14, 6, 7
2019/12/13, 109, 23, 15, 6, 7
2019/12/14, 127, 19, 15, 10, 9
2019/12/15, 135, 22, 16, 9, 7
2019/12/16, 142, 25, 20, 10, 8
2019/12/17, 166, 25, 20, 11, 7
2019/12/18, 168, 25, 23, 12, 9
2019/12/19, 167, 24, 29, 11, 9
2019/12/20, 173, 29, 21, 9, 7
2019/12/21, 179, 26, 17, 10, 8
2019/12/22, 169, 23, 18, 9, 7
2019/12/23, 174, 24, 15, 9, 6
2019/12/24, 158, 26, 13, 9, 6
2019/12/25, 166, 24, 14, 9, 6
2019/12/26, 154, 23, 13, 10, 5
2019/12/28, 166, 28, 13, 15, 6
2019/12/29, 179, , , , 
2019/7/1, 71, 5, 10, 3, 4
2019/7/2, 86, 4, 8, 2, 4
2019/7/3, 82, 3, 7, 1, 4
2019/7/4, 73, 1, 7, 1, 5
2019/7/5, 72, 2, 6, 1, 5
2019/7/6, 67, 4, 4, 1, 4
2019/7/7, 66, 5, 5, 1, 4
2019/7/8, 65, 4, 6, 2, 5
2019/7/9, 68, 4, 5, 2, 4
2019/7/10, 54, 4, 6, 1, 4
2019/7/11, 64, 4, 10, 2, 7
2019/7/12, 76, 7, 9, 3, 5
2019/7/13, 75, 6, 8, 3, 6
2019/7/15, 75, 7, 11, 2, 6
2019/7/16, 92, 7, 9, 2, 5
2019/7/17, 90, 11, 8, 1, 4
2019/7/18, 83, 4, 9, 1, 3
2019/7/19, 93, , , , 
2019/7/30, 57, 2, 9, 2, 6
2019/7/31, 65, 4, 6, 1, 4
2019/8/1, 45, 2, 5, 1, 4
2019/8/2, 23, 6, 4, 1, 5
2019/8/6, 45, 4, 5, 2, 4
2019/8/7, 50, 6, 6, 2, 5
2019/8/8, 58, 6, 4, 1, 4
2019/8/9, 61, 5, 5, 2, 3
2019/8/10, 55, 6, 6, 2, 5
2019/8/11, 71, 7, 5, 1, 4
2019/8/12, 68, 7, 8, 1, 4
2019/8/13, 80, 9, 8, 1, 6
2019/8/14, 80, 6, 7, 1, 5
2019/8/15, 74, 7, 6, 1, 7
2019/8/16, 65, 9, 7, 2, 7
2019/8/17, 77, 8, 10, 2, 6
2019/8/18, 91, 7, 8, 2, 7
2019/8/19, 76, 7, 11, 3, 8
2019/8/20, 101, 9, 8, 3, 4
2019/8/21, 77, 6, 6, 1, 6
2019/8/22, 67, 6, 6, 1, 6
2019/8/23, 66, 7, 7, 2, 4
2019/8/24, 57, 5, 7, 2, 6
2019/8/25, 61, 7, 11, 2, 8
2019/8/26, 66, 10, 10, 2, 6
2019/8/27, 67, 11, 7, 2, 4
2019/8/28, 71, 7, 8, 2, 5
2019/8/29, 73, 6, 9, 2, 7
2019/8/30, 69, 4, 8, 3, 5
2019/8/31, 69, 3, 8, 2, 6
2019/9/1, 64, 7, 7, 2, 4
2019/9/2, 59, 4, 8, 5, 5
2019/9/3, 57, 5, 8, 4, 5
2019/9/4, 65, 7, 7, 3, 5
2019/9/5, 53, 6, 7, 5, 3
2019/9/6, 60, 6, 7, 5, 4
2019/9/7, 68, 8, 6, 3, 4
2019/9/8, 46, 7, 7, 2, 5
2019/9/9, 57, 10, 7, 3, 4
2019/9/10, 56, 6, 10, 3, 6
2019/9/11, 68, 8, 8, 7, 3
2019/9/12, 76, 9, 8, 3, 5
2019/9/13, 61, 11, 9, 5, 5
2019/9/14, 75, 14, 10, 2, 8
2019/9/15, 73, 12, 10, 2, 5
2019/9/16, 82, 11, 7, 3, 6
2019/9/17, 75, 15, 14, 2, 9
2019/9/18, 67, 11, 13, 2, 8
2019/9/19, 83, 11, 13, 1, 7
2019/9/20, 76, 14, 12, 1, 7
2019/9/21, 84, 19, 12, 2, 7
2019/9/22, 78, 14, 22, 2, 9
2019/9/23, 102, 17, 16, 2, 7
2019/9/24, 90, 9, 14, 2, 6
2019/9/25, 80, 8, 9, 1, 6
2019/9/26, 74, 6, 9, 1, 4
2019/9/27, 79, 13, 10, 1, 4
2019/9/28, 99, 11, 14, 1, 9
2019/9/29, 120, 11, 18, 2, 12
2019/9/30, 139, 14, 14, 2, 10
2019/4/1, 111, 25, 17, 4, 7
2019/4/2, 138, 18, 14, 3, 7
2019/4/3, 133, 20, 14, 3, 6
2019/4/4, 109, 27, 12, 5, 5
2019/4/5, 98, 23, 22, 7, 8
2019/4/6, 117, 24, 10, 3, 5
2019/4/7, 107, 19, 17, 3, 7
2019/4/8, 99, 20, 24, 3, 9
2019/4/9, 123, 24, 24, 3, 8
2019/4/10, 129, 26, 14, 3, 5
2019/4/11, 103, 26, 14, 3, 6
2019/4/12, 113, 30, 19, 5, 6
2019/4/13, 109, 26, 18, 4, 7
2019/4/14, 113, 24, 18, 4, 5
2019/4/15, 115, 26, 15, 5, 6
2019/4/16, 107, 22, 10, 4, 4
2019/4/17, 103, 29, 13, 6, 5
2019/4/18, 122, 21, 13, 2, 5
2019/4/19, 97, 20, 12, 2, 5
2019/4/20, 81, 21, 13, 2, 6
2019/4/21, 90, 18, 13, 2, 5
2019/4/22, 88, 29, 23, 4, 8
2019/4/23, 119, 28, 20, 3, 6
2019/4/24, 98, 30, 22, 3, 7
2019/4/25, 113, 12, 17, 3, 6
2019/4/26, 128, , , , 
2019/4/28, 126, 25, 16, 4, 6
2019/4/29, 133, 29, 14, 7, 6
2019/4/30, 119, 24, 14, 3, 6
2019/5/1, 109, 25, 12, 4, 5
2019/5/2, 107, 24, 10, 4, 3
2019/5/3, 98, 21, 12, 6, 5
2019/5/4, 103, 25, 15, 9, 6
2019/5/5, 104, 9, 21, 14, 8
2019/5/6, 141, , , , 
2019/5/11, 124, 31, 14, , 7
2019/5/12, 117, 41, 17, 4, 7
2019/5/13, 132, 33, 12, 4, 5
2019/5/14, 106, 28, 18, 3, 7
2019/5/15, 125, 29, 15, 3, 5
2019/5/16, 119, 29, 15, 4, 6
2019/5/17, 134, 26, 15, 5, 6
2019/5/18, 128, 32, 21, 9, 8
2019/5/19, 140, 30, 11, 3, 5
2019/5/20, 141, 29, 12, 3, 5
2019/5/21, 128, 36, 14, 4, 6
2019/5/22, 112, 33, 11, 4, 6
2019/5/23, 120, 28, 16, 5, 8
2019/5/24, 75, 29, 20, 6, 7
2019/5/25, 132, 31, 21, 6, 8
2019/5/26, 125, 26, 16, 5, 7
2019/5/27, 118, 28, 14, 4, 7
2019/5/28, 113, 29, 17, 4, 7
2019/5/29, 132, 26, 13, 4, 6
2019/5/30, 116, 26, 12, 2, 7
2019/5/31, 105, 24, 15, 3, 6
2019/6/1, 103, 22, 19, 4, 10
2019/6/2, 130, 19, 8, 3, 5
2019/6/3, 98, , , , 
2019/6/5, 120, 11, 15, 2, 4
2019/6/6, 113, 28, 13, 3, 7
2019/6/7, 97, 20, 24, 3, 10
2019/6/8, 108, 29, 14, 2, 5
2019/6/9, 98, 23, 12, 4, 5
2019/6/10, 92, 18, 9, 2, 4
2019/6/11, 67, 14, 5, 2, 3
2019/6/12, 39, 11, 7, 3, 4
2019/6/13, 59, 12, 7, 2, 4
2019/6/14, 65, 13, 8, 4, 4
2019/6/15, 89, 5, 10, 12, 2
2019/6/16, 87, 11, 9, 3, 5
2019/6/17, 84, 13, 7, 3, 4
2019/6/18, 81, 13, 8, 4, 4
2019/6/19, 82, 13, 8, 6, 4
2019/6/20, 78, 15, 12, 3, 5
2019/6/21, 94, 16, 11, 2, 4
2019/6/22, 92, 14, 16, 2, 7
2019/6/23, 98, 17, 15, 2, 5
2019/6/24, 90, 15, 17, 2, 7
2019/6/25, 87, 12, 9, 2, 5
2019/6/26, 64, 10, 10, 2, 4
2019/6/27, 62, 8, 8, 3, 4
2019/6/28, 56, 9, 7, 3, 4
2019/6/29, 64, 11, 8, 2, 3
2019/6/30, 70, 8, 7, 3, 3
2018/12/1, 160, 24, 22, 14, 6
2018/12/2, 162, 23, 17, 12, 5
2018/12/3, 163, 20, 19, 13, 6
2018/12/4, 163, 12, 15, 3, 4
2018/12/5, 163, 9, 27, 2, 10
2018/12/6, 162, 18, 11, 10, 4
2018/12/7, 161, 18, 11, 11, 5
2018/12/8, 163, 20, 11, 11, 6
2018/12/9, 162, 18, 16, 2, 6
2018/12/10, 163, 25, 14, 14, 4
2018/12/11, 163, , , , 
2018/12/15, 162, 29, 11, 6, 3
2018/12/16, 164, 16, 8, 3, 2
2018/12/17, 146, 10, 9, 1, 2
2018/12/18, 93, 14, 10, 2, 2
2018/12/19, 104, 15, 16, 4, 5
2018/12/20, 125, 25, 22, 4, 5
2018/12/21, 158, 23, 20, 4, 4
2018/12/22, 162, 23, 16, 3, 5
2018/12/23, 163, 26, 18, 4, 5
2018/12/24, 163, 29, 21, 4, 5
2018/12/25, 161, 21, 22, 3, 7
2018/12/26, 161, 21, 16, 4, 4
2018/12/27, 158, 29, 21, 11, 4
2018/12/28, 155, 29, 17, 11, 3
2018/12/29, 159, 26, 16, 8, 5
2018/12/30, 158, , , , 
2018/4/1, 133, 15, 16, 10, 5
2018/4/2, 113, 26, 19, 10, 6
2018/4/3, 147, 33, 16, 8, 5
2018/4/4, 139, 25, 18, 5, 5
2018/4/5, 126, 31, 22, 6, 6
2018/4/6, 139, 31, 27, 12, 7
2018/4/7, 100, 26, 14, 5, 5
2018/4/8, 96, 30, 20, 9, 6
2018/4/9, 122, 23, 18, 5, 5
2018/4/10, 107, 21, 16, 5, 4
2018/4/11, 90, 29, 19, 6, 5
2018/4/12, 103, 29, 17, 5, 4
2018/4/13, 97, 31, 13, 5, 3
2018/4/14, 95, 13, 13, 5, 5
2018/4/15, 104, 29, 22, 6, 7
2018/4/16, 135, 31, 20, 5, 5
2018/4/17, 125, 29, 17, 7, 5
2018/4/18, 134, 33, 23, 7, 8
2018/4/19, 142, , 60, 15, 35
2018/4/20, 164, , , , 
2018/1/1, 135, 30, 25, 6, 8
2018/1/2, 161, 32, 18, 5, 6
2018/1/3, 164, 33, 31, 9, 8
2018/1/4, 162, 33, 33, 8, 9
2018/1/5, 163, 32, 32, 6, 10
2018/1/6, 163, 32, 29, 7, 11
2018/1/7, 162, 22, 31, 6, 8
2018/1/8, 162, 27, 24, 7, 8
2018/1/9, 162, 29, 23, 12, 7
2018/1/10, 162, 35, 29, 11, 9
2018/1/11, 162, 35, 35, 16, 10
2018/1/12, 162, 31, 28, 14, 8
2018/1/13, 160, 27, 28, 13, 9
2018/1/14, 163, 30, 13, 7, 6
2018/1/15, 161, 24, 17, 10, 6
2018/1/16, 155, 24, 22, 12, 7
2018/1/17, 155, 24, 28, 15, 8
2018/1/18, 154, 27, 26, 16, 6
2018/1/19, 150, 29, 31, 21, 7
2018/1/20, 151, 27, 28, 13, 7
2018/1/21, 158, 27, 24, 13, 5
2018/1/22, 160, 26, 21, 12, 5
2018/1/23, 157, 27, 18, 13, 5
2018/1/24, 159, 33, 30, 19, 7
2018/1/25, 160, 14, 30, 27, 6
2018/1/26, 158, , , , 
2018/1/29, 153, 29, 25, 15, 5
2018/1/30, 145, 24, 33, 26, 7
2018/1/31, 129, 23, 37, 24, 15
2018/2/1, 139, 21, 36, 19, 11
2018/2/2, 135, 13, 30, 12, 6
2018/2/3, 137, , , , 
2018/2/6, 106, 18, 45, 11, 9
2018/2/7, 152, 23, 34, 10, 7
2018/2/8, 136, 23, 26, 14, 8
2018/2/9, 145, 14, 25, 9, 5
2018/2/10, 142, 14, 14, 7, 4
2018/2/11, 139, 11, 12, 6, 4
2018/2/12, 153, 17, 11, 10, 3
2018/2/13, 134, 20, 14, 6, 4
2018/2/14, 137, 23, 18, 8, 4
2018/2/15, 133, 26, 21, 13, 4
2018/2/16, 133, 28, 27, 15, 5
2018/2/17, 131, 29, 26, 13, 7
2018/2/18, 146, 25, 19, 12, 5
2018/2/19, 133, 25, 18, 6, 5
2018/2/20, 133, 24, 23, 12, 6
2018/2/21, 145, 27, 24, 7, 6
2018/2/22, 148, 25, 25, 8, 5
2018/2/23, 145, 20, 16, 7, 3
2018/2/24, 120, 18, 17, 9, 5
2018/2/25, 101, 26, 42, 17, 13
2018/2/26, 146, 23, 43, 22, 15
2018/2/27, 151, 24, 39, 15, 14
2018/2/28, 152, 24, 35, 12, 12
2018/3/1, 148, 27, 29, 11, 12
2018/3/2, 153, 33, 23, 8, 7
2018/3/3, 145, 30, 25, 9, 9
2018/3/4, 155, 26, 23, 8, 6
2018/3/5, 145, 27, 20, 8, 5
2018/3/6, 144, 22, 20, 7, 5
2018/3/7, 142, 23, 20, 7, 5
2018/3/8, 149, 26, 20, 7, 6
2018/3/9, 157, 28, 20, 8, 7
2018/3/10, 158, 25, 15, 7, 6
2018/3/11, 152, 21, 15, 10, 4
2018/3/12, 125, 24, 18, 10, 3
2018/3/13, 131, 27, 24, 12, 7
2018/3/14, 141, 22, 16, 12, 6
2018/3/15, 138, 24, 11, 15, 4
2018/3/16, 144, 20, 11, 10, 4
2018/3/17, 138, 16, 11, 10, 5
2018/3/18, 128, 26, 18, 11, 6
2018/3/19, 144, 30, 23, 12, 7
2018/3/20, 156, 9, 19, 3, 6
2018/3/21, 155, 22, 20, 13, 5
2018/3/22, 147, 30, 27, 20, 7
2018/3/23, 147, 29, 29, 13, 8
2018/3/24, 146, 22, 19, 9, 7
2018/3/25, 162, 25, 18, 12, 6
2018/3/26, 154, 37, 21, 12, 7
2018/3/27, 157, 28, 20, 13, 6
2018/3/28, 150, 38, 24, 16, 7
2018/3/29, 160, 27, 17, 11, 6
2018/3/30, 148, 25, 19, 7, 7
2018/3/31, 150, 20, 12, 6, 5
2017/10/1, 156, 21, 10, 2, 4
2017/10/2, 124, 13, 14, 3, 5
2017/10/3, 92, 11, 22, 3, 11
2017/10/4, 167, 19, 22, 4, 9
2017/10/5, 171, 10, 17, 3, 5
2017/10/6, 103, 11, 13, 11, 6
2017/10/7, 93, 11, 15, 2, 8
2017/10/8, 100, 16, 13, 3, 5
2017/10/9, 105, 23, 15, 2, 5
2017/10/10, 77, 17, 18, 2, 8
2017/10/11, 89, 17, 18, 3, 8
2017/10/12, 101, 30, 15, 2, 4
2017/10/13, 109, 20, 17, 2, 5
2017/10/14, 109, 19, 18, 3, 9
2017/10/15, 128, 26, 19, 3, 9
2017/10/16, 137, 32, 23, 3, 12
2017/10/17, 169, 27, 25, 3, 9
2017/10/18, 219, 39, 16, 1, 4
2017/10/19, 73, 39, 21, 2, 8
2017/10/20, 119, 34, 16, 2, 5
2017/10/21, 166, 24, 11, 2, 5
2017/10/22, 156, 25, 13, 3, 5
2017/10/23, 148, 30, 19, 2, 6
2017/10/24, 156, 37, 18, 3, 5
2017/10/25, 154, 25, 18, 3, 6
2017/10/26, 147, 31, 22, 2, 7
2017/10/27, 145, 37, 22, 3, 6
2017/10/28, 151, 30, 16, 3, 5
2017/10/29, 147, 37, 18, 3, 4
2017/10/30, 148, 36, 24, 2, 6
2017/10/31, 152, 42, 30, 3, 7
2017/11/1, 159, 40, 19, 3, 5
2017/11/2, 157, 34, 18, 2, 5
2017/11/3, 157, 31, 16, 3, 4
2017/11/4, 128, 27, 9, 2, 4
2017/11/5, 95, 24, 19, 3, 5
2017/11/6, 86, 31, 21, 2, 7
2017/11/7, 100, 39, 18, 3, 5
2017/11/8, 110, 33, 18, 2, 4
2017/11/9, 115, 32, 17, 2, 4
2017/11/10, 125, 50, 20, 3, 5
2017/11/11, 150, 37, 22, 2, 6
2017/11/12, 139, 42, 18, 2, 5
2017/11/13, 141, 24, 17, 3, 5
2017/11/14, 141, 21, 9, 2, 4
2017/11/15, 147, 20, 10, 3, 6
2017/11/16, 124, 20, 14, 2, 4
2017/11/17, 110, 22, 13, 2, 4
2017/11/18, 90, 24, 14, 2, 5
2017/11/19, 112, 25, 18, 2, 6
2017/11/20, 129, 16, 19, 2, 6
2017/11/21, 139, 33, 19, 2, 6
2017/11/22, 137, 30, 22, 2, 7
2017/11/23, 148, 35, 16, 3, 6
2017/11/24, 162, 42, 13, 3, 5
2017/11/25, 161, 40, 23, 2, 8
2017/11/26, 161, 49, 30, 3, 7
2017/11/27, 161, 46, 33, 3, 8
2017/11/28, 160, 35, 20, 3, 6
2017/11/29, 160, 37, 24, 3, 7
2017/11/30, 160, 32, 17, 3, 6
2017/12/1, 161, 35, 13, 3, 5
2017/12/2, 160, 40, 18, 3, 7
2017/12/3, 161, 34, 20, 5, 7
2017/12/4, 162, 23, 17, 30, 6
2017/12/5, 158, 14, 17, 90, 7
2017/12/6, 156, 22, 22, 9, 7
2017/12/7, 161, 30, 21, 27, 5
2017/12/8, 160, 31, 18, , 5
2017/12/9, 159, , 21, , 4
2017/12/10, 136, 19, 28, 34, 8
2017/12/11, 146, 38, 35, 2, 14
2017/12/12, 162, 25, 29, 4, 9
2017/12/13, 161, 21, 22, 3, 10
2017/12/14, 161, 23, 21, 3, 7
2017/12/15, 160, 25, 26, 3, 10
2017/12/16, 160, 30, 24, 6, 8
2017/12/17, 160, 33, 14, 8, 5
2017/12/18, 163, 32, 20, 9, 5
2017/12/19, 149, 32, 37, 14, 12
2017/12/20, 162, 37, 34, 8, 10
2017/12/21, 161, 35, 45, 9, 11
2017/12/22, 160, 42, 32, 10, 10
2017/12/23, 162, 30, 30, 8, 11
2017/12/24, 162, 29, 26, 5, 10
2017/12/25, 161, 36, 23, 10, 7
2017/12/26, 161, 31, 28, 10, 7
2017/12/27, 152, 30, 32, 9, 9
2017/12/28, 152, 31, 31, 7, 9
2017/12/29, 158, 24, 35, 7, 12
2017/12/30, 154, 1, 44, 6, 18
2017/12/31, 164, 25, 21, 6, 8
2017/7/1, 69, 9, 6, 4, 3
2017/7/2, 70, 9, 7, 4, 2
2017/7/3, 66, 7, 5, 2, 1
2017/7/4, 62, , , , 
2017/7/6, 99, 10, 10, 4, 3
2017/7/7, 81, 13, 8, 4, 2
2017/7/8, 75, 14, 9, 3, 3
2017/7/9, 83, 15, 7, 4, 2
2017/7/10, 73, 11, 8, 4, 2
2017/7/11, 74, 12, 6, 4, 2
2017/7/12, 66, 8, 7, 4, 2
2017/7/13, 63, 6, 6, 5, 2
2017/7/14, 64, 8, 7, 5, 2
2017/7/15, 76, 6, 7, 4, 2
2017/7/16, 64, 5, 6, 4, 2
2017/7/17, 60, 7, 7, 5, 2
2017/7/18, 56, 6, 7, 4, 2
2017/7/19, 55, 7, 5, 4, 2
2017/7/20, 46, 7, 6, 4, 2
2017/7/21, 73, 10, 5, 4, 2
2017/7/22, 61, 11, 5, 4, 2
2017/7/23, 64, 10, 5, 4, 2
2017/7/24, 66, 4, 8, 2, 2
2017/7/25, 63, 11, 6, 2, 2
2017/7/26, 71, 12, 6, 4, 2
2017/7/27, 67, 10, 7, 4, 2
2017/7/28, 65, 11, 8, 4, 2
2017/7/29, 65, 11, 7, 4, 2
2017/7/30, 70, 17, 8, 4, 3
2017/7/31, 83, 13, 8, 4, 2
2017/8/1, 67, 12, 6, 6, 2
2017/8/2, 61, 8, 5, 6, 2
2017/8/3, 61, 10, 6, 4, 2
2017/8/4, 66, 12, 7, 2, 2
2017/8/5, 78, 16, 9, 4, 2
2017/8/6, 95, 11, 11, 4, 3
2017/8/7, 96, 13, 10, 4, 3
2017/8/8, 94, 8, 10, 5, 4
2017/8/9, 86, 8, 8, 4, 3
2017/8/10, 76, 11, 11, 6, 7
2017/8/11, 87, 9, 8, 4, 6
2017/8/12, 81, , 15, 2, 8
2017/8/13, 120, 8, 8, 1, 3
2017/8/14, 89, 9, 9, 2, 3
2017/8/15, 93, 10, 8, 4, 3
2017/8/16, 88, 10, 9, 4, 3
2017/8/17, 93, 7, 10, 4, 2
2017/8/18, 90, 7, 8, 4, 2
2017/8/19, 81, 9, 6, 6, 2
2017/8/20, 53, 14, 6, 4, 2
2017/8/21, 60, 10, 10, 6, 5
2017/8/22, 89, 11, 9, 4, 2
2017/8/23, 81, 11, 10, 5, 4
2017/8/24, 91, 8, 6, 5, 3
2017/8/25, 78, 6, 8, 7, 3
2017/8/26, 74, 7, 7, 5, 4
2017/8/27, 78, 5, 7, 2, 3
2017/8/28, 57, 7, 8, 6, 5
2017/8/29, 44, 6, 9, 5, 3
2017/8/30, 64, 8, 12, 7, 4
2017/8/31, 71, 16, 11, 5, 3
2017/9/1, 85, 15, 12, 1, 4
2017/9/2, 102, 16, 8, 1, 3
2017/9/3, 72, 10, 8, 2, 2
2017/9/4, 80, 14, 8, 2, 2
2017/9/5, 90, 7, 9, 1, 2
2017/9/6, 92, , , , 
2017/9/11, 56, 11, 8, 2, 3
2017/9/12, 48, 11, 8, 1, 3
2017/9/13, 72, 9, 12, 2, 4
2017/9/14, 73, 13, 9, 2, 4
2017/9/15, 76, 9, 10, 1, 4
2017/9/16, 65, 11, 9, 2, 3
2017/9/17, 77, 8, 6, 2, 2
2017/9/18, 56, 12, 6, 1, 2
2017/9/19, 57, 11, 6, 2, 2
2017/9/20, 63, 12, 6, 1, 2
2017/9/21, 67, 17, 10, 2, 5
2017/9/22, 98, 23, 11, 2, 3
2017/9/23, 108, 18, 17, 2, 5
2017/9/24, 140, 12, 15, 2, 5
2017/9/25, 130, 22, 14, 2, 4
2017/9/26, 135, 9, 23, 3, 10
2017/9/27, 158, 11, 15, 2, 6
2017/9/28, 142, 11, 12, 2, 4
2017/9/29, 124, 17, 11, 1, 4
2017/9/30, 137, 23, 12, 2, 6
2017/4/1, 119, 48, 14, 5, 5
2017/4/2, 135, 53, 14, 5, 5
2017/4/3, 137, 39, 13, 4, 5
2017/4/4, 109, 35, 17, 5, 5
2017/4/5, 135, 42, 27, 5, 7
2017/4/6, 139, 35, 22, 18, 7
2017/4/7, 144, 47, 23, 6, 8
2017/4/8, 152, 45, 12, 1, 7
2017/4/9, 142, 60, 18, 5, 6
2017/4/10, 157, 58, 19, 6, 5
2017/4/11, 137, 4, 48, 7, 12
2017/4/12, 218, 71, 24, 6, 7
2017/4/13, 148, 75, 20, 5, 7
2017/4/14, 152, 51, 15, 5, 5
2017/4/15, 134, 47, 19, 5, 9
2017/4/16, 140, 57, 30, 7, 16
2017/4/17, 173, 52, 34, 6, 12
2017/4/18, 159, 45, 14, 5, 6
2017/4/19, 142, 34, 22, 5, 6
2017/4/20, 129, 40, 25, 5, 9
2017/4/21, 137, 41, 22, 5, 6
2017/4/22, 133, 39, 22, 6, 7
2017/4/23, 141, 38, 19, 6, 6
2017/4/24, 141, 30, 46, 4, 17
2017/4/25, 167, , , , 
2017/4/27, 95, 44, 11, 2, 3
2017/4/28, 122, 45, 17, 5, 5
2017/4/29, 94, 26, 18, 2, 5
2017/4/30, 104, 58, 10, 8, 3
2017/5/1, 82, 61, 9, 2, 2
2017/5/2, 77, 38, 8, 14, 2
2017/5/3, 90, 55, 8, 10, 2
2017/5/4, 123, 47, 9, 21, 2
2017/5/5, 136, 49, 21, 9, 6
2017/5/6, 129, 35, 13, 5, 4
2017/5/7, 121, 44, 13, 5, 3
2017/5/8, 119, 43, 17, 4, 4
2017/5/9, 111, 41, 23, 6, 6
2017/5/10, 115, 39, 17, 4, 4
2017/5/11, 106, 33, 14, 4, 4
2017/5/12, 118, 44, 16, 4, 4
2017/5/13, 128, 42, 16, 5, 5
2017/5/14, 127, 32, 9, 8, 2
2017/5/15, 109, , , , 
2017/5/18, 130, 34, 22, 6, 8
2017/5/19, 141, 39, 16, 5, 4
2017/5/20, 116, 40, 11, 7, 2
2017/5/21, 102, 41, 15, 5, 4
2017/5/22, 110, 37, 21, 5, 5
2017/5/23, 138, 49, 18, 5, 6
2017/5/24, 140, 46, 8, 4, 3
2017/5/25, 126, 38, 11, 5, 4
2017/5/26, 137, 27, 9, 2, 3
2017/5/27, 101, 36, 9, 2, 3
2017/5/28, 101, 23, 8, 2, 2
2017/5/29, 93, 16, 7, 1, 1
2017/5/30, 80, 18, 7, 2, 2
2017/5/31, 72, 18, 8, 1, 3
2017/6/1, 70, 21, 12, 2, 4
2017/6/2, 86, 23, 8, 2, 3
2017/6/3, 110, 28, 11, 1, 4
2017/6/4, 89, 27, 10, 2, 4
2017/6/5, 80, 27, 10, 1, 3
2017/6/6, 89, 24, 6, 1, 2
2017/6/7, 69, 17, 8, 1, 2
2017/6/8, 69, 18, 9, 4, 3
2017/6/9, 78, 21, 8, 4, 3
2017/6/10, 65, 14, 7, 5, 3
2017/6/11, 60, 11, 6, 4, 3
2017/6/12, 49, 10, 8, 4, 3
2017/6/13, 52, 22, 12, 4, 4
2017/6/14, 90, 13, 13, 5, 3
2017/6/15, 89, 16, 9, 4, 2
2017/6/16, 70, 15, 11, 4, 3
2017/6/17, 74, 14, 7, 4, 2
2017/6/18, 78, 7, 12, 4, 3
2017/6/19, 78, 8, 7, 4, 2
2017/6/20, 62, 10, 8, 5, 2
2017/6/21, 68, 10, 7, 4, 3
2017/6/22, 69, 6, 10, 5, 4
2017/6/23, 75, 12, 8, 4, 2
2017/6/24, 73, 9, 7, 4, 2
2017/6/25, 81, 8, 5, 5, 2
2017/6/26, 64, 10, 5, 6, 2
2017/6/27, 63, 7, 6, 4, 2
2017/6/28, 68, 10, 6, 4, 2
2017/6/29, 60, 11, 7, 4, 2
2017/6/30, 73, 10, 6, 4, 2
2017/1/2, 156, 53, 26, 11, 9
2017/1/3, 166, 70, 23, 19, 6
2017/1/4, 174, 55, 24, 14, 6
2017/1/5, 167, 53, 31, 18, 9
2017/1/6, 179, 53, 27, 8, 10
2017/1/7, 167, 49, 13, 5, 6
2017/1/8, 154, 28, 14, 2, 6
2017/1/9, 164, , , , 
2017/1/11, 144, 70, 18, 14, 5
2017/1/12, 163, 50, 14, 9, 5
2017/1/13, 165, 54, 9, 3, 4
2017/1/14, 159, 53, 10, 3, 6
2017/1/15, 161, 55, 20, 5, 8
2017/1/16, 155, 44, 23, 5, 7
2017/1/17, 161, 48, 16, 3, 5
2017/1/18, 146, 53, 19, 3, 7
2017/1/19, 163, 51, 24, 5, 8
2017/1/20, 166, 43, 25, 3, 7
2017/1/21, 155, 52, 24, 1, 8
2017/1/22, 162, 47, 21, 5, 6
2017/1/23, 167, 57, 19, 4, 6
2017/1/24, 164, 60, 23, 4, 7
2017/1/25, 165, 49, 11, 5, 5
2017/1/26, 168, 59, 14, 4, 6
2017/1/27, 154, 47, 15, 4, 5
2017/1/28, 157, 58, 16, 6, 6
2017/1/29, 156, 59, 28, 4, 8
2017/1/30, 148, 63, 32, 4, 10
2017/1/31, 167, 50, 24, 4, 8
2017/2/1, 154, 46, 15, 4, 5
2017/2/2, 154, 51, 21, 4, 7
2017/2/3, 156, 51, 29, 3, 8
2017/2/4, 167, 88, 24, 4, 8
2017/2/5, 165, 63, 24, 4, 7
2017/2/6, 155, 65, 29, 4, 9
2017/2/7, 192, 57, 28, 4, 7
2017/2/8, 183, 71, 25, 4, 7
2017/2/9, 169, 63, 22, 6, 7
2017/2/10, 163, 51, 12, 6, 4
2017/2/11, 150, 39, 9, 4, 4
2017/2/12, 128, 38, 10, 5, 4
2017/2/13, 131, 41, 22, 5, 6
2017/2/14, 157, 41, 23, 6, 7
2017/2/15, 160, 51, 25, 6, 8
2017/2/16, 166, 45, 27, 5, 9
2017/2/17, 176, 44, 33, 6, 11
2017/2/18, 181, 49, 32, 5, 10
2017/2/19, 157, 64, 31, 9, 15
2017/2/20, 200, 74, 35, 6, 13
2017/2/21, 178, 89, 27, 5, 8
2017/2/22, 164, 75, 30, 6, 10
2017/2/23, 212, 67, 27, 4, 7
2017/2/24, 168, 89, 18, 6, 5
2017/2/25, 155, 73, 22, 7, 6
2017/2/26, 152, 63, 31, 7, 12
2017/2/27, 185, 57, 33, 6, 10
2017/2/28, 177, 71, 32, 5, 9
2017/3/1, 172, 85, 23, 5, 7
2017/3/2, 155, 68, 19, 5, 5
2017/3/3, 108, 76, 16, 2, 5
2017/3/4, 104, 38, 9, 2, 4
2017/3/5, 91, 36, 10, 5, 4
2017/3/6, 93, 29, 14, 5, 5
2017/3/7, 101, 65, 12, 6, 4
2017/3/8, 110, 50, 11, 5, 5
2017/3/9, 121, 38, 13, 5, 4
2017/3/10, 92, 46, 16, 5, 3
2017/3/11, 99, 71, 20, 5, 5
2017/3/12, 129, 85, 19, 6, 5
2017/3/13, 139, 33, 14, 6, 4
2017/3/14, 106, 27, 10, 5, 3
2017/3/15, 63, 50, 14, 6, 4
2017/3/16, 83, 50, 22, 6, 5
2017/3/17, 127, 41, 34, 6, 8
2017/3/18, 152, 36, 41, 7, 12
2017/3/19, 180, 36, 24, 6, 7
2017/3/20, 129, 39, 25, 6, 5
2017/3/21, 130, 43, 28, 6, 7
2017/3/22, 151, 43, 20, 6, 11
2017/3/23, 160, 43, 16, 6, 7
2017/3/24, 140, 60, 12, 7, 6
2017/3/25, 150, 60, 11, 6, 7
2017/3/26, 159, 59, 12, 5, 7
2017/3/27, 149, 55, 14, 5, 7
2017/3/28, 146, 49, 12, 5, 5
2017/3/29, 135, 50, 16, 6, 6
2017/3/30, 133, 45, 15, 5, 5
2017/3/31, 120, 52, 14, 5, 5
2016/10/1, 82, 11, 4, , 3
2016/10/2, 54, 11, 5, , 4
2016/10/3, 65, 10, 5, 2, 3
2016/10/4, 60, 8, 3, , 2
2016/10/5, 48, 8, 3, , 2
2016/10/6, 54, 9, 4, , 2
2016/10/7, 92, 5, 4, , 2
2016/10/8, 44, 4, 6, , 2
2016/10/9, 50, , , , 
2016/10/13, 107, 29, 9, 1, 3
2016/10/14, 101, 29, 10, 2, 3
2016/10/15, 101, 29, 12, 4, 5
2016/10/16, 158, 20, 15, 5, 5
2016/10/17, 122, 30, 12, 3, 5
2016/10/18, 127, 32, 14, 3, 5
2016/10/19, 131, 30, 16, 4, 7
2016/10/20, 147, 31, 15, 3, 10
2016/10/21, 160, 29, 12, 3, 5
2016/10/22, 137, 31, 13, 4, 5
2016/10/23, 138, 28, 13, 4, 7
2016/10/24, 143, 27, 11, 4, 4
2016/10/25, 136, 28, 10, 3, 4
2016/10/26, 126, 29, 12, 4, 4
2016/10/27, 137, 34, 9, 4, 3
2016/10/28, 129, 28, 7, 1, 5
2016/10/29, 150, 13, 4, , 4
2016/10/30, 123, 10, 6, 1, 5
2016/10/31, 113, 25, 6, 1, 3
2016/11/1, 117, 35, 7, 3, 4
2016/11/2, 128, 20, 7, 2, 3
2016/11/3, 125, 26, 8, 6, 4
2016/11/4, 121, 29, 9, 7, 4
2016/11/5, 126, 31, 8, 6, 4
2016/11/6, 141, 28, 11, 11, 4
2016/11/7, 130, 29, 16, 8, 6
2016/11/8, 137, 31, 14, 7, 6
2016/11/9, 139, 38, 16, 8, 6
2016/11/10, 156, 34, 12, 10, 5
2016/11/11, 149, 43, 11, 6, 6
2016/11/12, 174, 41, 8, 4, 6
2016/11/13, 166, 25, 7, 3, 5
2016/11/14, 176, 20, 5, 3, 4
2016/11/15, 153, 37, 6, 6, 4
2016/11/16, 165, 32, 5, 5, 4
2016/11/17, 165, 43, 7, 7, 3
2016/11/18, 156, 36, 13, 12, 6
2016/11/19, 166, 37, 15, 7, 6
2016/11/20, 166, 29, 12, 6, 5
2016/11/21, 142, 33, 15, 9, 6
2016/11/22, 152, 34, 14, 6, 6
2016/11/23, 159, 37, 13, 5, 5
2016/11/24, 152, 36, 12, 6, 4
2016/11/25, 144, 34, 16, 13, 5
2016/11/26, 157, 28, 15, 10, 6
2016/11/27, 152, 33, 19, 11, 6
2016/11/28, 180, 57, 30, 36, 6
2016/11/29, 152, 61, 28, 24, 8
2016/11/30, 156, 46, 27, 13, 8
2016/12/1, 153, 36, 19, 20, 5
2016/12/2, 113, 21, 12, 5, 5
2016/12/3, 138, , , , 
2016/12/6, 155, 77, 18, 12, 6
2016/12/7, 151, 85, 28, 20, 8
2016/12/8, 189, 87, 29, 22, 7
2016/12/9, 176, 67, 25, 24, 6
2016/12/10, 161, 80, 23, 30, 6
2016/12/11, 170, 50, 12, 20, 3
2016/12/12, 137, 37, 10, 11, 4
2016/12/13, 106, 20, 11, 2, 5
2016/12/14, 116, 40, 20, 6, 8
2016/12/15, 160, 45, 16, 9, 7
2016/12/16, 162, 52, 20, 10, 6
2016/12/17, 157, 55, 20, 13, 5
2016/12/18, 146, 62, 23, 12, 5
2016/12/19, 140, 74, 30, 20, 8
2016/12/20, 165, 68, 30, 25, 8
2016/12/21, 183, 62, 34, 28, 9
2016/12/22, 186, 55, 34, 28, 10
2016/12/23, 174, 47, 44, 38, 11
2016/12/24, 216, , , , 
2016/12/27, 138, 66, 27, 17, 6
2016/12/28, 162, 58, 30, 9, 10
2016/12/29, 186, 58, 33, 13, 13
2016/12/30, 216, 48, 26, 8, 10
2016/12/31, 182, 51, 19, 6, 8
2017/1/1, 164, 64, 25, 7, 8
2016/7/1, 70, 5, 3, 4, 2
2016/7/2, 98, 5, 3, 2, 2
2016/7/3, 98, 4, 3, 4, 2
2016/7/4, 191, 4, 2, 2, 1
2016/7/5, 69, 5, 3, 11, 2
2016/7/6, 138, 4, 3, 4, 2
2016/7/7, 88, 4, 3, 5, 2
2016/7/8, 82, 3, 3, 3, 1
2016/7/9, 74, 4, 3, 3, 1
2016/7/10, 85, 5, 2, 2, 1
2016/7/11, 202, 5, 3, 4, 1
2016/7/12, 121, 7, 3, 2, 2
2016/7/13, 35, 6, 4, 3, 2
2016/7/14, 58, 8, 5, 3, 2
2016/7/15, 70, 7, 7, 2, 2
2016/7/16, 65, 8, 7, 3, 3
2016/7/17, 73, 8, 6, 4, 2
2016/7/18, 55, 3, 5, , 3
2016/7/19, 37, 6, 3, 3, 1
2016/7/20, 41, 4, 3, , 2
2016/7/21, 38, 6, 3, 3, 2
2016/7/22, 56, 6, 3, 3, 2
2016/7/23, 45, 8, 3, 3, 2
2016/7/24, 52, 8, 3, 3, 2
2016/7/25, 49, 7, 5, 2, 4
2016/7/26, 60, 6, 6, , 5
2016/7/27, 62, 8, 6, 2, 16
2016/7/28, 65, 5, 5, , 21
2016/7/29, 59, 4, 4, 4, 36
2016/7/30, 52, 5, 4, , 37
2016/7/31, 39, 4, 3, , 35
2016/8/1, 41, 12, 3, 2, 49
2016/8/2, 28, 3, 3, 2, 30
2016/8/3, 19, 4, 3, 2, 1
2016/8/4, 26, 11, 3, , 1
2016/8/5, 23, 4, 3, 3, 1
2016/8/6, 30, 4, 3, 4, 1
2016/8/7, 27, 5, 4, 2, 2
2016/8/8, 37, 5, 4, 3, 2
2016/8/9, 40, 5, 4, 3, 1
2016/8/10, 40, 5, 3, 3, 1
2016/8/11, 35, 4, 3, 3, 1
2016/8/12, 40, 6, 3, 3, 1
2016/8/13, 33, 7, 3, 3, 1
2016/8/14, 39, 6, 3, 4, 1
2016/8/15, 31, 8, 4, 4, 1
2016/8/16, 35, 9, 3, 4, 1
2016/8/17, 36, 6, 3, 1, 2
2016/8/18, 38, 8, 4, 4, 1
2016/8/19, 45, 9, 5, 4, 2
2016/8/20, 48, 8, 4, 4, 2
2016/8/21, 42, 8, 3, 3, 1
2016/8/22, 39, 8, 3, 3, 2
2016/8/23, 41, 6, 3, 3, 2
2016/8/24, 40, 6, 5, 3, 5
2016/8/25, 55, 12, 5, 3, 4
2016/8/26, 70, 10, 6, 3, 4
2016/8/27, 59, 8, 3, 4, 2
2016/8/28, 39, 6, 3, 4, 2
2016/8/29, 37, 2, 5, 3, 3
2016/8/30, 66, 4, 6, 3, 3
2016/8/31, 47, 5, 4, 2, 3
2016/9/1, 43, 5, 4, 3, 2
2016/9/2, 41, 6, 4, 8, 1
2016/9/3, 48, , , , 
2016/9/6, 72, 11, 6, , 2
2016/9/7, 87, 8, 6, , 2
2016/9/8, 79, 10, 3, , 1
2016/9/9, 73, 6, 5, , 2
2016/9/10, 77, 6, 4, , 2
2016/9/11, 67, 7, 4, , 2
2016/9/12, 67, 6, 3, 1, 2
2016/9/13, 64, , , , 
2016/9/16, 76, , , , 
2016/9/20, 39, 4, 4, 1, 3
2016/9/21, 53, 6, 4, 1, 3
2016/9/22, 49, 4, 3, 1, 2
2016/9/23, 30, 4, 4, 1, 4
2016/9/24, 68, 5, 5, , 3
2016/9/25, 55, 4, 7, , 4
2016/9/26, 78, 4, 6, , 4
2016/9/27, 82, , , , 
2016/9/29, 105, 9, 4, 5, 2
2016/9/30, 83, 5, 5, , 4
2016/4/1, 153, , , , 
2016/4/3, 197, 32, 9, , 6
2016/4/4, 144, 10, 10, , 5
2016/4/5, 144, 31, 9, , 4
2016/4/6, 125, 29, 8, 1, 4
2016/4/7, 120, 19, 19, 1, 8
2016/4/8, 129, , , , 
2016/4/11, 134, 28, 12, 9, 6
2016/4/12, 121, 28, 10, 1, 5
2016/4/13, 136, 27, 12, 5, 8
2016/4/14, 157, 28, 5, 1, 4
2016/4/15, 141, 25, 6, 3, 4
2016/4/16, 152, 16, 5, , 4
2016/4/17, 162, 12, 9, , 4
2016/4/18, 132, 15, 6, 2, 3
2016/4/19, 105, 20, 9, 3, 5
2016/4/20, 124, 27, 11, 3, 5
2016/4/21, 136, , , , 
2016/4/26, 136, 13, 7, 3, 4
2016/4/27, 134, 23, 9, 3, 4
2016/4/28, 122, 21, 8, 3, 4
2016/4/29, 110, 26, 7, 4, 3
2016/4/30, 108, 23, 9, 3, 5
2016/5/1, 125, 26, 6, , 3
2016/5/2, 111, 15, 11, , 5
2016/5/3, 118, 24, 5, 3, 3
2016/5/4, 97, 24, 8, 5, 4
2016/5/5, 98, 12, 9, , 3
2016/5/6, 130, 20, 8, 8, 11
2016/5/7, 178, 28, 8, 4, 5
2016/5/8, 90, 26, 12, 3, 10
2016/5/9, 133, 16, 7, 4, 3
2016/5/10, 87, 18, 13, 3, 6
2016/5/11, 146, 28, 14, 2, 7
2016/5/12, 135, 32, 8, 2, 4
2016/5/13, 119, 37, 9, 2, 5
2016/5/14, 131, 18, 4, 3, 3
2016/5/15, 100, 25, 7, 3, 3
2016/5/16, 93, 10, 6, 3, 1
2016/5/17, 78, 11, 4, 7, 1
2016/5/18, 93, 7, 7, 3, 1
2016/5/19, 112, 10, 4, 2, 1
2016/5/20, 105, 8, 5, 3, 
2016/5/21, 99, 10, 6, 3, 1
2016/5/22, 112, 9, 6, 4, 2
2016/5/23, 113, 10, 7, 4, 1
2016/5/24, 102, 8, 8, 4, 1
2016/5/25, 118, 13, 6, 4, 1
2016/5/26, 100, 12, 5, 4, 
2016/5/27, 98, 14, 5, 4, 
2016/5/28, 95, 11, 5, 3, 
2016/5/29, 93, 13, 5, 3, 
2016/5/30, 89, 13, 7, 3, 2
2016/5/31, 92, 13, 9, 2, 4
2016/6/1, 101, 10, 7, , 3
2016/6/2, 109, 15, 9, 2, 3
2016/6/3, 104, 17, 5, 4, 2
2016/6/4, 89, 17, 4, 2, 2
2016/6/5, 98, 21, 5, 3, 3
2016/6/6, 107, 14, 9, 4, 4
2016/6/7, 104, 16, 7, , 5
2016/6/8, 107, 18, 6, , 3
2016/6/9, 94, 15, 4, 3, 2
2016/6/10, 95, 10, 4, , 1
2016/6/11, 88, 8, 4, 4, 1
2016/6/12, 79, 7, 4, 1, 2
2016/6/13, 90, 11, 3, 3, 1
2016/6/14, 82, 7, 4, 3, 2
2016/6/15, 185, 11, 4, 3, 2
2016/6/16, 312, 13, 4, 3, 2
2016/6/17, 116, 10, 6, , 3
2016/6/18, 106, 6, 5, 3, 2
2016/6/19, 95, 7, 4, , 3
2016/6/20, 85, 12, 5, 3, 3
2016/6/21, 96, 11, 5, 3, 4
2016/6/22, 83, 12, 4, 2, 2
2016/6/23, 72, 10, 4, 3, 2
2016/6/24, 61, 7, 4, 3, 2
2016/6/25, 71, 9, 3, 2, 2
2016/6/26, 77, 8, 3, 4, 1
2016/6/27, 70, 4, 4, 3, 1
2016/6/28, 92, 4, 4, 2, 2
2016/6/29, 68, 6, 3, , 1
2016/6/30, 64, 4, 5, 4, 2
2016/1/4, 201, 26, 12, 3, 7
2016/1/5, 170, 22, 16, 5, 8
2016/1/6, 207, 23, 10, 2, 4
2016/1/7, 149, 24, 14, 1, 6
2016/1/8, 155, 23, 17, 2, 9
2016/1/9, 171, 25, 15, 2, 7
2016/1/10, 154, 26, 15, 2, 7
2016/1/11, 162, 28, 19, 2, 8
2016/1/12, 213, 33, 18, 3, 9
2016/1/13, 193, 27, 10, 2, 5
2016/1/14, 134, 24, 5, 2, 3
2016/1/15, 137, 27, 7, 1, 3
2016/1/16, 130, 27, 6, 2, 3
2016/1/17, 139, 18, 7, 3, 3
2016/1/18, 116, 13, 6, 2, 4
2016/1/19, 128, 29, 9, 2, 4
2016/1/20, 160, 26, 7, 2, 3
2016/1/21, 144, 29, 7, 3, 3
2016/1/22, 119, 30, 9, 1, 4
2016/1/23, 147, 34, 8, 1, 5
2016/1/24, 154, 28, 6, 3, 4
2016/1/25, 150, , , , 
2016/2/9, 155, 26, 9, 3, 4
2016/2/10, 150, 30, 7, 5, 4
2016/2/11, 157, 29, 8, 3, 4
2016/2/12, 151, 30, 7, 3, 4
2016/2/13, 152, 21, 5, 3, 4
2016/2/14, 145, 16, 6, 4, 3
2016/2/15, 114, 13, 6, 4, 3
2016/2/16, 103, 24, 9, 4, 3
2016/2/17, 131, 19, 8, 4, 4
2016/2/18, 124, 19, 9, 4, 4
2016/2/19, 127, 29, 13, 5, 6
2016/2/20, 201, 36, 16, 5, 9
2016/2/21, 420, 29, 13, 4, 6
2016/2/22, 329, 27, 8, 3, 4
2016/2/23, 154, 24, 6, 3, 4
2016/2/24, 135, 33, 8, 4, 4
2016/2/25, 134, 10, 5, 3, 3
2016/2/26, 128, 18, 5, 8, 3
2016/2/27, 91, 16, 6, 7, 4
2016/2/28, 108, 15, 7, 3, 4
2016/2/29, 105, 21, 6, 3, 4
2016/3/1, 112, 22, 7, 5, 5
2016/3/2, 135, 29, 9, 4, 4
2016/3/3, 136, 31, 9, 3, 5
2016/3/4, 154, 34, 8, 3, 5
2016/3/5, 156, 24, 7, 4, 4
2016/3/6, 126, 23, 5, 3, 3
2016/3/7, 118, 26, 6, 3, 4
2016/3/8, 117, 28, 9, 7, 5
2016/3/9, 139, 32, 12, 3, 5
2016/3/10, 148, 32, 13, 3, 6
2016/3/11, 152, 29, 11, 3, 5
2016/3/12, 155, 32, 6, 3, 3
2016/3/13, 142, 32, 6, 3, 4
2016/3/14, 155, 13, 5, 4, 4
2016/3/15, 128, 16, 7, , 4
2016/3/16, 133, 11, 5, 8, 4
2016/3/17, 134, , , , 
2016/3/22, 114, 33, 13, 3, 6
2016/3/23, 174, 28, 7, , 4
2016/3/24, 159, 34, 8, , 5
2016/3/25, 160, 36, 8, , 4
2016/3/26, 150, 36, 8, , 5
2016/3/27, 159, 27, 6, , 4
2016/3/28, 155, 30, 8, , 4
2016/3/29, 152, 29, 8, , 5
2016/3/30, 147, 21, 6, , 4
2016/3/31, 142, 14, 14, , 7
2015/12/30, 110, , 23, 2, 22
2015/12/31, 159, , , , 
2016/1/3, 142, 29, 13, 3, 7
2015/7/1, 82, 10, 3, 3, 2
2015/7/2, 84, 15, 4, , 3
2015/7/3, 107, 14, 3, 3, 1
2015/7/4, 96, 11, 2, 4, 2
2015/7/5, 90, 10, 2, 5, 1
2015/7/6, 82, 10, 3, 3, 1
2015/7/7, 95, 11, 2, 4, 2
2015/7/8, 83, 11, 1, 4, 2
2015/7/9, 73, 12, 2, 5, 1
2015/7/10, 80, 11, 2, 4, 1
2015/7/11, 77, 11, 2, 1, 2
2015/7/12, 84, 14, 3, 5, 4
2015/7/13, 96, 13, 3, 5, 3
2015/7/14, 103, 10, 3, 4, 2
2015/7/15, 90, 10, 4, 1, 2
2015/7/16, 95, 7, 2, 1, 2
2015/7/17, 78, 7, 2, 1, 2
2015/7/18, 73, 6, 2, 1, 1
2015/7/19, 75, 7, 2, 1, 1
2015/7/20, 76, 6, 3, 1, 2
2015/7/21, 82, 6, 3, 1, 2
2015/7/22, 76, 6, 2, 1, 2
2015/7/23, 69, 9, 3, 1, 3
2015/7/24, 73, 9, 2, 1, 2
2015/7/25, 68, 8, 2, 2, 2
2015/7/26, 74, 10, 2, 4, 2
2015/7/27, 74, 9, 2, 1, 2
2015/7/28, 75, 9, 3, 2, 1
2015/7/29, 87, 8, 3, 5, 1
2015/7/30, 66, 12, 4, 4, 2
2015/7/31, 67, 13, 3, 4, 2
2015/8/1, 63, 14, 4, 5, 3
2015/8/2, 87, 13, 3, 5, 2
2015/8/3, 76, 11, 4, 5, 2
2015/8/4, 82, 15, 4, 3, 2
2015/8/5, 68, 8, 5, 4, 2
2015/8/6, 78, 11, 4, 4, 2
2015/8/7, 77, 11, 4, 4, 2
2015/8/8, 82, 9, 4, 4, 2
2015/8/9, 75, 11, 4, 4, 3
2015/8/10, 82, 9, 5, 4, 3
2015/8/11, 71, 8, 4, 3, 2
2015/8/12, 62, 8, 4, 4, 2
2015/8/13, 79, 10, 5, 3, 2
2015/8/14, 83, 10, 5, 4, 4
2015/8/15, 85, 7, 5, 3, 4
2015/8/16, 85, 12, 6, 3, 4
2015/8/17, 94, 12, 6, 4, 4
2015/8/18, 96, 15, 7, 3, 4
2015/8/19, 112, 15, 6, 3, 3
2015/8/20, 117, 3, 9, , 3
2015/8/21, 74, , , , 
2015/5/14, 110, 10, 3, 4, 2
2015/5/15, 106, 14, 4, 1, 3
2015/5/16, 115, 26, 4, 4, 2
2015/5/17, 94, 26, 4, 5, 2
2015/5/18, 106, 27, 8, 5, 5
2015/5/19, 129, 23, 6, 4, 6
2015/5/20, 130, 27, 7, 6, 6
2015/5/21, 147, 23, 9, 6, 7
2015/5/22, 148, 20, 5, 4, 2
2015/5/23, 114, 19, 5, 5, 2
2015/5/24, 114, 18, 5, 1, 3
2015/5/25, 115, 18, 5, 5, 1
2015/5/26, 121, 22, 6, 6, 6
2015/5/27, 139, 24, 4, 3, 1
2015/5/28, 126, 27, 6, 4, 2
2015/5/29, 130, 25, 5, 4, 3
2015/5/30, 120, 29, 6, 5, 3
2015/5/31, 138, 26, 4, 4, 3
2015/6/1, 149, 20, 2, 4, 2
2015/6/2, 306, 29, 5, 3, 3
2015/6/3, 127, 32, 5, 4, 3
2015/6/4, 130, 26, 5, 4, 3
2015/6/5, 113, 32, 5, 4, 3
2015/6/6, 122, 13, 9, 6, 7
2015/6/7, 116, 13, 6, 3, 3
2015/6/8, 94, 12, 5, 3, 2
2015/6/9, 81, 15, 5, 3, 2
2015/6/10, 77, 16, 5, 4, 2
2015/6/11, 84, 14, 5, 3, 2
2015/6/12, 75, 9, 4, 3, 3
2015/6/13, 79, 10, 5, 1, 5
2015/6/14, 118, 8, 2, 3, 1
2015/6/15, 76, 10, 3, 3, 1
2015/6/16, 92, 8, 3, 3, 2
2015/6/17, 82, 8, 2, 4, 1
2015/6/18, 75, 7, 3, 4, 2
2015/6/19, 83, 8, 3, 1, 2
2015/6/20, 83, 7, 2, 3, 2
2015/6/21, 74, 7, 2, 3, 2
2015/6/22, 93, 8, 1, 4, 2
2015/6/23, 59, 8, 1, 2, 2
2015/6/24, 228, 7, 1, 4, 1
2015/6/25, 72, 8, 2, 3, 1
2015/6/26, 94, 8, 3, 4, 2
2015/6/27, 103, 13, 3, 4, 2
2015/6/28, 100, 9, 7, 1, 9
2015/6/29, 121, 12, 5, 3, 3
2015/6/30, 101, 12, 2, 4, 2
2024/12/31, , 5, 9, 3, 13
2024/7/10, , 6, 10, 1, 6
2024/4/2, , 6, 10, 3, 7
2024/4/6, , 6, 10, 1, 7
2024/4/12, , 6, 10, 2, 5
2024/4/26, , 7, 10, 4, 7
2024/5/12, , 449, 102, 8, 4
2023/12/31, , 129, 33, 2, 6
2024/3/15, , 6, 9, 3, 6
2023/9/24, , 5, , , 6
2023/9/26, , 4, 6, 2, 7
2023/4/2, , 7, 7, 1, 5
2023/5/21, , 4, 9, 1, 6
2022/10/2, , 12, 5, 1, 2
2022/10/23, , 15, 6, 1, 7
2022/11/27, , 14, 10, 1, 7
2021/10/15, , 5, 12, 1, 6
2021/8/29, , 3, 10, 2, 4
2020/7/28, , 6, 13, 3, 7
2020/4/1, , 25, 2, 7, 4
2020/4/2, , 21, 1, 9, 3
2020/4/3, , 16, 3, 9, 4
2020/4/4, , 21, , 9, 3
2020/4/5, , 21, , 9, 3
2020/4/6, , 20, 2, 8, 3
2020/4/7, , 21, 1, 10, 4
2020/4/8, , 27, , 7, 3
2020/4/9, , 20, 2, 7, 4
2019/12/31, , 16, 7, 10, 4
2020/1/12, , 35, 22, 7, 4
2020/1/14, , 21, , , 
2020/1/15, , 21, , 8, 5
2020/1/19, , 18, 14, 12, 5
2020/1/26, , 26, 20, 14, 6
2020/1/30, , 22, 12, 6, 4
2020/3/21, , 26, 3, 6, 3
2020/3/22, , 20, 2, 5, 4
2020/3/23, , 20, , 7, 3
2020/3/24, , 20, 1, 6, 4
2020/3/25, , 20, , 6, 3
2020/3/26, , 23, , 6, 3
2020/3/27, , 28, , 7, 3
2020/3/28, , 21, , 7, 3
2020/3/29, , 23, 1, 6, 3
2020/3/30, , 24, 2, 9, 4
2020/3/31, , 25, 2, 8, 4
2019/10/18, , 11, 8, 1, 5
2019/11/17, , 31, 16, 14, 8
2019/12/27, , 24, 14, 13, 6
2019/7/14, , 6, 10, 3, 6
2019/7/29, , 2, 10, 1, 4
2019/8/3, , 6, 5, 1, 4
2019/8/4, , 6, 6, 1, 4
2019/8/5, , 4, 6, 1, 3
2019/3/31, , 25, 20, 6, 7
2019/4/27, , 22, 16, 4, 7
2019/5/10, , 24, 12, , 6
2019/6/4, , 25, 28, 3, 14
2018/11/30, , 23, 20, 6, 5
2018/12/14, , 23, 12, 5, 3
2018/1/28, , 17, 22, 6, 6
2018/2/5, , 13, 27, 3, 6
2017/7/5, , 4, 18, 3, 9
2017/9/10, , 7, 7, 2, 3
2017/4/26, , 43, 13, 3, 3
2017/5/17, , 31, 15, 2, 4
2017/1/10, , 53, 15, 9, 5
2016/10/12, , 26, 7, 2, 3
2016/12/5, , 41, 20, 5, 7
2016/12/26, , 64, 15, 19, 4
2016/9/5, , 10, 3, , 1
2016/9/15, , 7, 4, 1, 4
2016/9/19, , 5, 2, 1, 1
2016/9/28, , 8, 7, , 5
2016/4/2, , 13, 10, 1, 9
2016/4/10, , 38, 9, , 5
2016/4/25, , 12, 12, , 6
2016/2/8, , 16, 12, , 6
2016/3/21, , 36, 4, 1, 2
2015/12/29, , 10, 15, 1, 9
2016/1/2, , 29, 9, 3, 5
2015/5/13, , 14, 3, 4, 2